Identifiant de l'accident;Date et heure;Commune;Année;Mois;Jour;Heure minute;Lumière;Localisation;Intersection;Conditions atmosphériques;Collision;Département;Code commune;Code Insee;Adresse;Latitude;Longitude;Code Postal;Numéro;Coordonnées;PR;Surface;V1;Circulation;Voie réservée;Env1;Voie;Largeur de la chaussée;V2;Largeur terre plein central;Nombre de voies;Catégorie route;PR1;Plan;Profil;Infrastructure;Situation;Année de naissance;Sexe;Action piéton;Gravité;Existence équipement de sécurité;Utilisation équipement de sécurité;Localisation du piéton;Identifiant véhicule;Place;Catégorie d'usager;Piéton seul ou non;Motif trajet;Point de choc;Manœuvre;Sens;Obstacle mobile heurté;Obstacle fixe heurté;Catégorie véhicule;Nombre d'occupants;Gps
201500024826;2015-04-29T17:43:00+02:00;Rennes;15;04;29;17:43;Plein jour;Hors agglomération;Hors intersection;Normale;Trois véhicules et plus – en chaîne;35;238;35238;RN 137;4808970;-168563;35000;137;48.100043, -1.669884;12;mouillée;;A chaussées séparées;Voie réservée;99;2;0;;0;3;Route Départementale;900;Partie rectiligne;Plat;;Sur chaussée;1993,1981,1979,1995;Masculin,Masculin,Masculin,Masculin;Se déplaçant,Se déplaçant,Se déplaçant,Se déplaçant;Blessé,Indemne,Indemne,Blessé;Ceinture,Ceinture,Ceinture,Ceinture;Oui,Oui,Oui,Oui;;A01,C01,B01;1,1,1,2;Conducteur,Conducteur,Conducteur,Passager;;Domicile – travail,Promenade – loisirs,Utilisation professionnelle,Promenade – loisirs;Avant droit,Avant droit;Déporté A droite,Sans changement de direction,Sans changement de direction;;Véhicule,Véhicule,Véhicule;;VU seul 1,VL seul,VL seul;;Métropole
201500024866;2015-06-05T12:45:00+02:00;Rennes;15;06;05;12:45;Plein jour;En agglomération;Hors intersection;Normale;Deux véhicules – par l’arrière;35;238;35238;199, VERN (DE);4808873;-164466;35000;199;48.088783, -1.644572;;normale;;;;00;0;0;;0;0;Voie Communale;;Partie rectiligne;Plat;;;1979,1969;Féminin,Féminin;Se déplaçant,Se déplaçant;Blessé,Indemne;Ceinture,Ceinture;Oui,Oui;;A01,B01;1,1;Conducteur,Conducteur;;;Avant,Arrière;Sans changement de direction,Sans changement de direction;;Véhicule;;VL seul,VL seul;;Métropole
201500024891;2015-06-17T18:30:00+02:00;Rennes;15;06;17;18:30;Plein jour;En agglomération;Intersection en X;Normale;Deux véhicules – par le coté;35;238;35238;00, ANTRAIN (D') DE 0 A;4811822;-167633;35000;00;48.118818, -1.674864;;;;Bidirectionnelle;;00;0;0;;0;2;Voie Communale;;;;;Sur chaussée;1981,1993;Masculin,Masculin;Se déplaçant,Se déplaçant;Blessé,Indemne;Casque,Casque;Oui,Oui;;A01,B01;1,1;Conducteur,Conducteur;;Domicile – travail,Utilisation professionnelle;Côté droit,Avant;Sans changement de direction;;Véhicule,Véhicule;;Scooter < 50 cm3,Bicyclette;;Métropole
201500024893;2015-03-30T00:40:00+02:00;Rennes;15;03;30;00:40;Nuit avec éclairage public allumé;En agglomération;Intersection à plus de 4 branches;Pluie légère;Autre collision;35;238;35238;CARREFOUR NITSCH;4810180;-168441;35000;;48.10189, -1.683568;;mouillée;;Bidirectionnelle;Voie réservée;99;;70;;40;2;Voie Communale;;En courbe à droite;Sommet de côte;Pont - autopont;Sur chaussée;1992;Féminin;Se déplaçant;Blessé;Ceinture;Non;;A01;1;Conducteur;;Promenade – loisirs;Avant;Sans changement de direction;;;Bâtiment;VL seul;;Métropole
201500024900;2015-06-23T17:50:00+02:00;Saint-gregoire;15;06;23;17:50;Plein jour;Hors agglomération;Hors intersection;Normale;Deux véhicules – par l’arrière;35;278;35278;RD 137;4814722;-169903;35760;137;48.1594, -1.690674;52;normale;;A chaussées séparées;;99;137;0;;0;0;Route Départementale;750;Partie rectiligne;Plat;;Sur chaussée;1955,1971;Féminin,Féminin;Se déplaçant,Se déplaçant;Blessé,Blessé;Ceinture,Ceinture;Oui,Oui;;A01,B01;1,1;Conducteur,Conducteur;;Autre;Avant,Arrière;Même sens,Même sens;;Véhicule,Véhicule;;VL seul,VL seul;;Métropole
201500024926;2015-07-09T13:45:00+02:00;Chantepie;15;07;09;13:45;Plein jour;En agglomération;Giratoire;Normale;Deux véhicules – par l’arrière;35;055;35055;00, PARC (RUE DU);4808807;-160834;35135;00;48.088164, -1.611704;12;normale;;Bidirectionnelle;;99;286;0;;0;2;Route Départementale;654;Partie rectiligne;Plat;Carrefour aménagé;Sur chaussée;2004,1989;Masculin,Masculin;Se déplaçant,Se déplaçant;Blessé,Indemne;Casque,Ceinture;Non,Oui;;B01,A01;1,1;Conducteur,Conducteur;;Promenade – loisirs,Domicile – travail;Arrière gauche,Avant;Sans changement de direction;;Véhicule,Véhicule;;Bicyclette,VL seul;;Métropole
201500024940;2015-07-23T10:50:00+02:00;Chantepie;15;07;23;10:50;Plein jour;Hors agglomération;Giratoire;Normale;Deux véhicules – par le coté;35;055;35055;00, LA HALLERAIS (LIEU D;4807782;-163225;35135;00;48.073032, -1.629663;33;normale;;A chaussées séparées;;99;163;0;;0;2;Route Départementale;95;Partie rectiligne;Plat;Carrefour aménagé;Sur chaussée;1991,1976;Masculin,Féminin;Se déplaçant,Se déplaçant;Indemne,Blessé;Ceinture,Ceinture;Oui,Oui;;A01,B01;1,1;Conducteur,Conducteur;;Utilisation professionnelle,Promenade – loisirs;Avant droit,Arrière gauche;Déporté A droite,Tournant A gauche;;Véhicule,Véhicule;;Tracteur routier + semi-remorque,VL seul;;Métropole
201500025087;2015-11-06T16:50:00+01:00;Rennes;15;11;06;16:50;Plein jour;En agglomération;Intersection en X;Normale;Deux véhicules - frontale;35;238;35238;00, CHATEAUGIRON (DE);4809488;-163795;35000;00;48.099655, -1.649027;;normale;;Bidirectionnelle;Banque cyclable;99;0;0;;0;2;Voie Communale;;Partie rectiligne;Plat;Carrefour aménagé;Sur chaussée;1997,1987;Masculin,Masculin;Se déplaçant,Se déplaçant;Blessé,Indemne;Ceinture,Ceinture;Oui,Oui;;B01,A01;1,1;Conducteur,Conducteur;;;Avant;Sans changement de direction;;Véhicule,Véhicule;;VL seul,VL seul;;Métropole
201500025131;2015-12-04T04:10:00+01:00;Cesson-sevigne;15;12;04;04:10;Nuit sans éclairage public;Hors agglomération;Hors intersection;Pluie légère;Sans collision;35;051;35051;NORMANDIE (PORTE DE);4814823;-159696;35510;;48.140179, -1.598291;96;mouillée;;A chaussées séparées;;99;84;0;;0;0;Autoroute;600;En courbe à droite;Plat;Bretelle d’échangeur ou de raccordement;Sur chaussée;1985;Masculin;Se déplaçant;Blessé;Ceinture;Oui;;A01;1;Conducteur;;Autre;Chocs multiples (tonneaux);Sans changement de direction;;;Sortie de chaussée sans obstacle;VL seul;;Métropole
201500025140;2015-11-30T17:00:00+01:00;Rennes;15;11;30;17:00;Plein jour;Hors agglomération;Hors intersection;Normale;Trois véhicules et plus - collisions multiples;35;238;35238;00, PORTE DES LOGES;4808956;-163142;35000;00;48.108853, -1.670052;5;normale;;A chaussées séparées;Voie réservée;99;136;0;;0;2;Route Nationale;550;Partie rectiligne;Plat;Bretelle d’échangeur ou de raccordement;Sur chaussée;1978,1976,1957;Masculin,Masculin,Masculin;Se déplaçant,Se déplaçant,Se déplaçant;Indemne,Blessé,Indemne;Ceinture,Ceinture,Ceinture;Oui,Oui,Oui;;A01,B01,C01;1,1,1;Conducteur,Conducteur,Conducteur;;Utilisation professionnelle;Arrière;Changeant de file A droite;;Véhicule,Véhicule,Véhicule;Glissière métallique;PL > 3,VL seul,VL seul;;Métropole
201500025166;2015-12-19T17:15:00+01:00;Rennes;15;12;19;17:15;Crépuscule ou aube;En agglomération;Hors intersection;Temps couvert;Autre collision;35;238;35238;00, GROS MALHON (AVENUE);4813033;-168439;35000;00;48.124757, -1.682316;;normale;;;;99;0;0;;0;2;Voie Communale;;Partie rectiligne;Plat;;Sur accotement;1940,1938;Féminin,Masculin;Autre,Se déplaçant;Blessé,Indemne;Ceinture;Oui;Sur trottoir;A01;1;Piéton,Conducteur;Seul;Promenade – loisirs,Promenade – loisirs;Côté droit;Sans changement de direction;;Piéton;;VL seul;;Métropole
201500025169;2015-12-22T17:30:00+01:00;Saint-gregoire;15;12;22;17:30;Plein jour;Hors agglomération;Hors intersection;Normale;Deux véhicules – par l’arrière;35;278;35278;00, R.N. 136;4814201;-164492;35760;00;48.134654, -1.692301;22;mouillée;;A chaussées séparées;;99;136;0;;0;4;Route Nationale;400;Partie rectiligne;Plat;;Sur chaussée;1992,1951;Masculin,Féminin;Se déplaçant,Se déplaçant;Blessé,Indemne;Casque,Ceinture;Oui,Oui;;A01,B01;1,1;Conducteur,Conducteur;;Promenade – loisirs;Arrière,Avant;Déporté A gauche,Dépassant A gauche;;Véhicule,Véhicule;;VL seul,Motocyclette > 125 cm3;;Métropole
201500025172;2015-12-15T15:30:00+01:00;Rennes;15;12;15;15:30;Plein jour;En agglomération;Hors intersection;Normale;Deux véhicules – par le coté;35;238;35238;00, VILLEBOIS MAREUIL (B;4810731;-165114;35000;00;48.104872, -1.651102;;mouillée;;Bidirectionnelle;Banque cyclable;99;4;0;;0;2;Voie Communale;;Partie rectiligne;Plat;;Sur chaussée;1990,1939;Féminin,Masculin;Se déplaçant,Se déplaçant;Indemne,Blessé;Ceinture,Ceinture;Oui,Oui;;B01,A01;1,1;Conducteur,Conducteur;;Autre,Promenade – loisirs;Avant droit,Avant droit;;;Véhicule,Véhicule;Bordure de trottoir;VL seul,VL seul;;Métropole
201500025173;2015-12-23T10:30:00+01:00;Rennes;15;12;23;10:30;Plein jour;En agglomération;Intersection en X;Normale;Deux véhicules – par le coté;35;238;35238;00, DUVAL (ALEXANDRE);4810356;-169401;35000;00;48.103676, -1.695263;;normale;;Bidirectionnelle;Banque cyclable;99;0;0;;0;2;Voie Communale;;Partie rectiligne;Plat;;Sur chaussée;1980,1954;Masculin,Masculin;Se déplaçant,Se déplaçant;Blessé,Blessé;Ceinture,Ceinture;Oui,Oui;;A01,B01;1,1;Conducteur,Conducteur;;Autre,Utilisation professionnelle;Avant,Arrière gauche;Sans changement de direction,Sans changement de direction;;Véhicule,Véhicule;;VU seul 1,Autobus;1;Métropole
201500025002;2015-09-06T18:30:00+02:00;Cesson-sevigne;15;09;06;18:30;Plein jour;En agglomération;Intersection en T;Normale;Deux véhicules – par le coté;35;051;35051;00, CHATAIGNERAIE (RUE D;4812128;-163016;35510;00;48.120148, -1.629229;1;normale;;Bidirectionnelle;;00;197;0;;0;2;Route Départementale;407;En courbe à droite;Pente;;Sur chaussée;1972,1988;Masculin,Masculin;Se déplaçant,Se déplaçant;Blessé,Indemne;Casque,Ceinture;Oui,Oui;;A01,B01;1,1;Conducteur,Conducteur;;;Avant droit,Avant;Tournant A gauche,Sans changement de direction;;Véhicule,Véhicule;;VL seul,Motocyclette > 125 cm3;;Métropole
201500025021;2015-09-22T08:30:00+02:00;Rennes;15;09;22;08:30;Plein jour;En agglomération;Intersection en T;Temps couvert;Deux véhicules - frontale;35;238;35238;135, FOUGERES (RUE DE);4812072;-166470;35000;135;48.120724, -1.664858;;mouillée;;Bidirectionnelle;;99;0;0;;0;2;Voie Communale;;Partie rectiligne;Plat;;Sur chaussée;1963,1976;Féminin,Féminin;Se déplaçant,Se déplaçant;Blessé,Indemne;Ceinture,Ceinture;Oui,Oui;;A01,B01;1,1;Conducteur,Conducteur;;;;;;;;VL seul,VL seul;;Métropole
201500025084;2015-11-05T18:45:00+01:00;Cesson-sevigne;15;11;05;18:45;Nuit avec éclairage public allumé;Hors agglomération;Hors intersection;Normale;Trois véhicules et plus – en chaîne;35;051;35051;00, DOMLOUP (ROUTE DE);4811028;-158461;35510;00;48.108222, -1.579563;;normale;;Bidirectionnelle;;99;0;70;;0;2;Voie Communale;;Partie rectiligne;Plat;;Sur chaussée;1982,1980,1992,1992;Féminin,Masculin,Masculin,Féminin;Se déplaçant,Se déplaçant,Se déplaçant,Se déplaçant;Blessé,Indemne,Indemne,Indemne;Ceinture,Ceinture,Ceinture,Ceinture;Oui,Oui,Oui,Oui;;A01,B01,C01;2,1,1,1;Passager,Conducteur,Conducteur,Conducteur;;Autre,Autre,Domicile – travail,Autre;Avant,Arrière,Arrière;Même sens,Même sens,Même sens;;Véhicule,Véhicule,Véhicule;;VL seul,VL seul,VL seul;;Métropole
201500024739;2015-01-13T18:30:00+01:00;Rennes;15;01;13;18:30;Nuit avec éclairage public allumé;En agglomération;Intersection en T;Normale;Trois véhicules et plus - collisions multiples;35;238;35238;ANJOU/GASCOGNE;4812200;-171344;35000;;48.121907, -1.715484;;normale;;Bidirectionnelle;;99;;0;;0;2;Voie Communale;;Partie rectiligne;Plat;;Sur chaussée;1963,1991;Féminin,Masculin;Se déplaçant,Se déplaçant;Blessé,Indemne;Ceinture,Ceinture;Non déterminable,Non déterminable;;B01,C01,A01;1,1;Conducteur,Conducteur;;Utilisation professionnelle;Avant gauche,Avant,Avant;Sans changement de direction,Sans changement de direction,Tournant A gauche;PK ou PR ou numéro d’adresse postale décroissant;Véhicule,Véhicule,Véhicule;;VL seul,VL seul,VL seul;;Métropole
201500024750;2015-01-20T09:00:00+01:00;Cesson-sevigne;15;01;20;09:00;Plein jour;En agglomération;Hors intersection;Normale;Trois véhicules et plus - collisions multiples;35;051;35051;00, RD96;4812745;-162670;35510;00;48.125655, -1.607672;2;normale;;Bidirectionnelle;Piste cyclable;99;96;0;;0;2;Route Départementale;0;Partie rectiligne;Plat;;Sur chaussée;1981,1988,1988,1973,1989;Masculin,Féminin,Masculin,Masculin,Masculin;Se déplaçant,Se déplaçant,Se déplaçant,Se déplaçant,Se déplaçant;Indemne,Blessé,Blessé,Indemne,Indemne;Ceinture,Ceinture,Ceinture,Ceinture,Ceinture;Non déterminable,Oui,Non déterminable,Non déterminable,Non déterminable;;D01,C01,A01,B01;1,2,1,1,1;Conducteur,Passager,Conducteur,Conducteur,Conducteur;;Domicile – travail,Domicile – travail;Arrière gauche,Avant,Arrière,Avant;Sans changement de direction,Sans changement de direction,En faisant demi-tour sur la chaussée,Sans changement de direction;;Véhicule,Véhicule,Véhicule,Véhicule;;VL seul,VL seul,VL seul,VL seul;;Métropole
201500024787;2015-04-03T21:40:00+02:00;Rennes;15;04;03;21:40;Nuit avec éclairage public allumé;En agglomération;Intersection en Y;Pluie légère;Deux véhicules – par le coté;35;238;35238;TILLON (AVENUE CHARLES);4812453;-170991;35000;;48.125775, -1.697054;;mouillée;;;;00;0;0;;0;1;Voie Communale;;;Plat;;;1969,1989;Féminin,Masculin;Se déplaçant,Se déplaçant;Blessé,Indemne;Ceinture,Ceinture;Oui,Oui;;A01,B01;1,1;Conducteur,Conducteur;;;;;;;;VL seul,VL seul;;Métropole
201500024792;2015-04-08T19:20:00+02:00;Rennes;15;04;08;19:20;Plein jour;En agglomération;Hors intersection;Normale;Autre collision;35;238;35238;BRETAGNE (PLACE DE);4810935;-168382;35000;;48.109274, -1.684044;;normale;;A sens unique;;00;0;0;;0;0;Voie Communale;;Partie rectiligne;Plat;;Sur chaussée;1990,1984;Féminin,Masculin;Se déplaçant,Traversant;Indemne,Blessé;Ceinture;Oui;Sur chaussée - A – 50 m du passage piéton;A01;1;Conducteur,Piéton;Seul;;Avant;;;Piéton;;VL seul;;Métropole
201500024807;2015-04-18T19:45:00+02:00;Rennes;15;04;18;19:45;Plein jour;En agglomération;Hors intersection;Normale;Deux véhicules – par le coté;35;238;35238;275, CHATEAUGIRON (DE);4809229;-162930;35000;275;48.099655, -1.649027;;normale;;Bidirectionnelle;;99;0;0;;0;2;Voie Communale;;Partie rectiligne;Plat;;Sur chaussée;1995,1977,2012;Masculin,Féminin,Féminin;Se déplaçant,Se déplaçant,Se déplaçant;Indemne,Blessé,Indemne;Ceinture,Ceinture,Dispositif enfants;Oui,Oui,Oui;;A01,B01;1,1,3;Conducteur,Conducteur,Passager;;Promenade – loisirs,Promenade – loisirs,Promenade – loisirs;Côté droit,Arrière droit;Sans changement de direction,Tournant A gauche;;Véhicule,Véhicule;;VL seul,VL seul;;Métropole
201500024813;2015-04-20T19:00:00+02:00;Rennes;15;04;20;19:00;Plein jour;En agglomération;Hors intersection;Normale;Trois véhicules et plus – en chaîne;35;238;35238;MALAKOFF (PONT);4810745;-169308;35000;;48.105967, -1.693243;;normale;;Bidirectionnelle;Banque cyclable;99;0;0;;0;2;Voie Communale;;Partie rectiligne;Plat;Pont - autopont;Sur chaussée;1983,2014,1981,1987;Masculin,Masculin,Masculin,Masculin;Se déplaçant,Se déplaçant,Se déplaçant,Se déplaçant;Indemne,Blessé,Indemne,Indemne;Ceinture,Dispositif enfants,Ceinture,Ceinture;Oui,Oui,Oui,Oui;;A01,C01,B01;1,2,1,1;Conducteur,Passager,Conducteur,Conducteur;;Domicile – travail;Avant,Arrière,Arrière;Sans changement de direction,Arrêté (hors stationnement),Arrêté (hors stationnement);;Véhicule,Véhicule,Véhicule;;VU seul 1,VL seul,VL seul;;Métropole
201500024837;2015-05-13T14:30:00+02:00;Saint-jacques-de-la-lande;15;05;13;14:30;Plein jour;En agglomération;Hors intersection;Normale;Deux véhicules – par l’arrière;35;281;35281;258 ter, NANTES (RUE DE);4809196;-169176;35136;258;48.091718, -1.692021;12;normale;;Bidirectionnelle;;99;837;0;;0;2;Route Départementale;70;Partie rectiligne;Plat;;Sur trottoir;2000;Féminin;Se déplaçant;Blessé;Ceinture;Oui;;Z01,C01;2;Passager;;Domicile – école;Avant,Arrière;En stationnement (avec occupants);PK ou PR ou numéro d’adresse postale croissant;;Véhicule en stationnement;VL seul,VL seul;;Métropole
201500024864;2015-03-14T19:10:00+01:00;Rennes;15;03;14;19:10;Nuit avec éclairage public allumé;En agglomération;Hors intersection;Temps couvert;Deux véhicules – par le coté;35;238;35238;18, RUE D'ISLY;4810570;-167765;35000;18;48.105085, -1.678391;;normale;;A chaussées séparées;Banque cyclable;99;;0;;0;2;Voie Communale;;Partie rectiligne;Plat;;Sur chaussée;1994;Masculin;Se déplaçant;Blessé;;;;A01,B01;1;Conducteur;;Promenade – loisirs;Avant;Tournant A droite,Sans changement de direction;PK ou PR ou numéro d’adresse postale croissant;Véhicule,Véhicule;;VL seul,Bicyclette;;Métropole
201500024883;2015-03-25T07:55:00+01:00;Rennes;15;03;25;07:55;Plein jour;En agglomération;Intersection en T;Normale;Autre collision;35;238;35238;KLÉBER/VIARMES;4811060;-167169;35000;;48.111335, -1.67135;;normale;;Bidirectionnelle;;99;;0;;0;2;Voie Communale;;Partie rectiligne;Plat;Carrefour aménagé;Sur chaussée;1998,1970;Féminin,Féminin;Se déplaçant,Se déplaçant;Blessé,Indemne;Casque,Ceinture;Oui,Oui;;B01,A01;1,1;Conducteur,Conducteur;;Domicile – école,Domicile – travail;Avant droit,Avant;Tournant A droite,Sans changement de direction;;Véhicule,Véhicule;;VL seul,Scooter < 50 cm3;;Métropole
201500024887;2015-03-26T23:45:00+01:00;Rennes;15;03;26;23:45;Nuit avec éclairage public allumé;En agglomération;Intersection en X;Normale;Deux véhicules – par le coté;35;238;35238;L.BOURGEOIS/CHÂTEAUGIRON;4810040;-164993;35000;;48.099655, -1.649027;;normale;;Bidirectionnelle;Banque cyclable;99;;0;;0;2;Voie Communale;;Partie rectiligne;Plat;Carrefour aménagé;Sur chaussée;1982,1996;Masculin,Féminin;Se déplaçant,Se déplaçant;Blessé,Indemne;Ceinture,Ceinture;Oui,Oui;;A01,B01;1,1;Conducteur,Conducteur;;Promenade – loisirs,Promenade – loisirs;Avant droit,Avant;Tournant A gauche,Sans changement de direction;;Véhicule,Véhicule;;VL seul,VL seul;;Métropole
201500024892;2015-06-18T08:30:00+02:00;Rennes;15;06;18;08:30;Plein jour;En agglomération;Hors intersection;Normale;Deux véhicules - frontale;35;238;35238;00, CHATEAUGIRON (DE);4809757;-164255;35000;00;48.099655, -1.649027;;normale;;Bidirectionnelle;;00;0;0;;0;2;Voie Communale;;;Sommet de côte;;Sur chaussée;1971,1958;Masculin,Masculin;Se déplaçant,Se déplaçant;Blessé,Indemne;Ceinture,Ceinture;Oui,Oui;;B01,A01;1,1;Conducteur,Conducteur;;Domicile – travail,Utilisation professionnelle;Arrière,Avant;Même sens,Même sens;;Véhicule,Véhicule;;VL seul,VL seul;;Métropole
201500024927;2015-07-09T15:15:00+02:00;Saint-jacques-de-la-lande;15;07;09;15:15;Plein jour;En agglomération;Intersection en X;Normale;Deux véhicules – par le coté;35;281;35281;00, MERMOZ (BOULEVARD JE;4809638;-169262;35136;00;48.095518, -1.694817;21;normale;;Bidirectionnelle;Banque cyclable;99;177;0;;0;2;Route Départementale;300;Partie rectiligne;Plat;Carrefour aménagé;Sur chaussée;1985,1980;Masculin,Féminin;Se déplaçant,Se déplaçant;Blessé,Indemne;Casque,Ceinture;Oui,Oui;;B01,A01;1,1;Conducteur,Conducteur;;Promenade – loisirs;Avant,Avant;Sans changement de direction,Tournant A gauche;;Véhicule,Véhicule;;Scooter < 50 cm3,VL seul;;Métropole
201500024978;2015-08-17T16:00:00+02:00;Rennes;15;08;17;16:00;Plein jour;En agglomération;Hors intersection;Normale;Deux véhicules – par l’arrière;35;238;35238;100, MITTERAND (MAIL FRA;4810861;-169617;35000;100;48.108569, -1.696112;;normale;;Bidirectionnelle;;00;0;0;;0;;Voie Communale;;En courbe à droite;Plat;;Sur chaussée;1992,1968;Masculin,Masculin;Se déplaçant,Se déplaçant;Blessé,Indemne;Ceinture,Ceinture;Oui,Oui;;A01,B01;1,1;Conducteur,Conducteur;;Promenade – loisirs;Avant,Arrière;Même sens,Arrêté (hors stationnement);;Véhicule,Véhicule;;"Voiturette (Quadricycle à moteur carrossé) (anciennement ""voiturette ou tricycle à moteur""),VL seul";;Métropole
201500024986;2015-08-24T18:50:00+02:00;Cesson-sevigne;15;08;24;18:50;Plein jour;Hors agglomération;Hors intersection;Pluie légère;Autre collision;35;051;35051;PORTE DE TIZE;4813994;-158131;35510;;48.1306, -1.583094;27;mouillée;;A chaussées séparées;;00;136;60;;0;0;Route Nationale;900;En courbe à gauche;Plat;;Sur chaussée;1982;Masculin;Se déplaçant;Blessé;Ceinture;Oui;;A01;1;Conducteur;;;Avant;Sans changement de direction;;;Glissière métallique;VL seul;;Métropole
201500025015;2015-09-19T17:40:00+02:00;Rennes;15;09;19;17:40;Plein jour;En agglomération;Intersection en T;Normale;Autre collision;35;238;35238;238, SAINT-MALO (RUE DE);4812579;-168561;35000;238;48.125771, -1.685531;;normale;;A sens unique;;99;0;0;;0;1;Voie Communale;;Partie rectiligne;Plat;Carrefour aménagé;Sur chaussée;1952,1986;Masculin,Masculin;Autre,Se déplaçant;Blessé,Indemne;Ceinture;Oui;Sur trottoir;A01;1;Piéton,Conducteur;Accompagné;Promenade – loisirs,Promenade – loisirs;Avant droit;Sans changement de direction;;Piéton;Véhicule en stationnement;VL seul;;Métropole
201500025062;2015-10-24T21:45:00+02:00;Cesson-sevigne;15;10;24;21:45;Nuit sans éclairage public;Hors agglomération;Intersection en X;Temps couvert;Sans collision;35;051;35051;00, PLANCHETTE (ROUTE DE;4809949;-160539;35510;00;48.099708, -1.602708;6;mouillée;;Bidirectionnelle;;00;86;0;;0;2;Route Départementale;770;;;;Sur chaussée;1958;Masculin;Se déplaçant;Blessé;Ceinture;Oui;;A01;1;Conducteur;;Autre;Chocs multiples (tonneaux);Sans changement de direction;;;Sortie de chaussée sans obstacle;VL seul;;Métropole
201500025106;2015-11-07T17:40:00+01:00;Rennes;15;11;07;17:40;Crépuscule ou aube;Hors agglomération;Hors intersection;Normale;Deux véhicules – par le coté;35;238;35238;00, STRASBOURG (BOULEVAR;4811036;-165565;35000;00;48.11261, -1.65646;;normale;;;;00;0;0;;0;0;Voie Communale;;Partie rectiligne;Plat;;;1992,1961;Masculin,Masculin;Se déplaçant,Se déplaçant;Blessé,Indemne;Casque,Ceinture;Non,Oui;;A01,B01;1,1;Conducteur,Conducteur;;Autre;Avant gauche;Sans changement de direction;;Véhicule,Véhicule;;Bicyclette,VU seul 1;;Métropole
201500025120;2015-11-30T09:10:00+01:00;Rennes;15;11;30;09:10;Plein jour;En agglomération;Hors intersection;Pluie légère;Autre collision;35;238;35238;201, VERN (DE);4808875;-164458;35000;201;48.088692, -1.644567;;mouillée;;Bidirectionnelle;Piste cyclable;99;0;40;;0;4;Voie Communale;;Partie rectiligne;Sommet de côte;;Sur chaussée;1960,1999,1970;Féminin,Masculin,Féminin;Se déplaçant,Se déplaçant,Se déplaçant;Blessé,Indemne,Indemne;Autre,Ceinture,Ceinture;Non déterminable,Oui,Oui;;B01,A01;1,2,1;Conducteur,Passager,Conducteur;;Promenade – loisirs,Domicile – école,Domicile – travail;Avant,Côté droit;Sans changement de direction,Ouverture de porte;;Véhicule,Véhicule;;Bicyclette,VL seul;;Métropole
201500025132;2015-11-26T09:30:00+01:00;Rennes;15;11;26;09:30;Plein jour;En agglomération;Intersection en T;Normale;Deux véhicules - frontale;35;238;35238;00, SUISSE (DE);4808652;-166377;35000;00;48.102579, -1.704318;;;;Bidirectionnelle;;03;;;;;2;Voie Communale;;Partie rectiligne;Plat;;Sur chaussée;1992,1992;Masculin,Féminin;Se déplaçant,Se déplaçant;Indemne,Blessé;Ceinture,Ceinture;Oui,Oui;;A01,B01;1,1;Conducteur,Conducteur;;;Avant gauche,Avant;Sans changement de direction;;Véhicule,Véhicule;;VL seul,VL seul;;Métropole
201500024997;2015-09-01T18:05:00+02:00;Rennes;15;09;01;18:05;Plein jour;En agglomération;Giratoire;Normale;Deux véhicules - frontale;35;238;35238;00, SANGNIER (MARC);4809336;-165840;35000;00;48.09313, -1.659168;;normale;;;;03;0;0;;0;0;Voie Communale;;;Plat;Carrefour aménagé;;1971,1996;Masculin,Masculin;Se déplaçant,Se déplaçant;Blessé,Indemne;Ceinture,Ceinture;Oui,Oui;;B01,A01;1,1;Conducteur,Conducteur;;;Avant gauche;Tournant A gauche;;Véhicule,Véhicule;;VL seul,VL seul;;Métropole
201500025013;2015-09-17T00:40:00+02:00;Cesson-sevigne;15;09;17;00:40;Nuit sans éclairage public;Hors agglomération;Autre intersection;Normale;Sans collision;35;051;35051;NORMANDIE (PORTE DE);4814911;-160926;35510;;48.140179, -1.598291;25;mouillée;;A sens unique;;99;136;0;;0;2;Route Nationale;423;En courbe à droite;Pente;Bretelle d’échangeur ou de raccordement;Sur chaussée;1995,1995;Masculin,Masculin;Se déplaçant,Se déplaçant;Blessé,Blessé;Ceinture,Ceinture;Oui,Non;;A01;2,1;Passager,Conducteur;;Promenade – loisirs,Promenade – loisirs;Chocs multiples (tonneaux);Sans changement de direction;;;Sortie de chaussée sans obstacle;VL seul;;Métropole
201500025073;2015-11-02T09:20:00+01:00;Rennes;15;11;02;09:20;Plein jour;En agglomération;Hors intersection;Normale;Autre collision;35;238;35238;18, DUGUAY TROUIN (QUAI);4811016;-168238;35000;18;48.110208, -1.6824;;normale;;A sens unique;Piste cyclable;99;0;0;;0;1;Voie Communale;;Partie rectiligne;Plat;;Sur chaussée;1962;Féminin;Se déplaçant;Blessé;Casque;Oui;;A01;1;Conducteur;;Domicile – travail;;;;;Sortie de chaussée sans obstacle;Scooter < 50 cm3;;Métropole
201500025089;2015-11-06T17:20:00+01:00;Saint-gregoire;15;11;06;17:20;Plein jour;Hors agglomération;Hors intersection;Pluie légère;Trois véhicules et plus – en chaîne;35;278;35278;RN 137;4814921;-169917;35760;137;48.152008, -1.684122;52;mouillée;;A chaussées séparées;Voie réservée;99;137;0;;0;4;Route Départementale;750;Partie rectiligne;Plat;;Sur chaussée;1979,1992,2000,1997,1962,1960,1978;Féminin,Féminin,Masculin,Féminin,Féminin,Masculin,Féminin;Se déplaçant,Se déplaçant,Se déplaçant,Se déplaçant,Se déplaçant,Se déplaçant,Se déplaçant;Blessé,Blessé,Blessé,Blessé,Blessé,Blessé,Blessé;Ceinture,Ceinture,Ceinture,Ceinture,Ceinture,Ceinture,Ceinture;Oui,Oui,Oui,Oui,Oui,Oui,Oui;;A01,D01,B01,C01;1,1,2,3,1,2,1;Conducteur,Conducteur,Passager,Passager,Conducteur,Passager,Conducteur;;;Avant,Arrière,Arrière,Arrière;Sans changement de direction,Sans changement de direction,Sans changement de direction,Sans changement de direction;;Véhicule,Véhicule,Véhicule,Véhicule;;VL seul,VL seul,VL seul,VL seul;;Métropole
201500025097;2015-11-18T17:20:00+01:00;Rennes;15;11;18;17:20;Plein jour;En agglomération;Place;Normale;Deux véhicules – par le coté;35;238;35238;00, BRETAGNE (PLACE DE);4810936;-168471;35000;00;48.109274, -1.684044;;normale;;A chaussées séparées;Banque cyclable;99;0;0;;0;3;Voie Communale;;Partie rectiligne;Plat;Carrefour aménagé;Sur chaussée;1973,1995;Masculin,Féminin;Se déplaçant,Se déplaçant;Blessé,Indemne;Autre,Ceinture;Non déterminable,Oui;;A01,B01;1,1;Conducteur,Conducteur;;;Avant;Sans changement de direction,Sans changement de direction;;Véhicule,Véhicule;;Bicyclette,VL seul;;Métropole
201500025124;2015-12-01T08:45:00+01:00;Rennes;15;12;01;08:45;Crépuscule ou aube;Hors agglomération;Hors intersection;Normale;Autre collision;35;238;35238;30, JANVIER (AVENUE JEAN;4810470;-167263;35000;30;48.104678, -1.672788;;normale;;A sens unique;;99;0;40;;50;1;Voie Communale;;Partie rectiligne;Plat;;Sur chaussée;1970,1952;Masculin,Masculin;Se déplaçant,Se déplaçant Sens véhicule heurtant;Indemne,Blessé;Ceinture;Oui;Sur trottoir;A01;1;Conducteur,Piéton;Seul;Utilisation professionnelle,Autre;Arrière;En marche arrière;;Piéton;;VU seul 1;;Métropole
201500025159;2015-12-16T12:00:00+01:00;Rennes;15;12;16;12:00;Plein jour;En agglomération;Hors intersection;Normale;Trois véhicules et plus – en chaîne;35;238;35238;15, METZ (BD DE);4811587;-165803;35000;15;48.115573, -1.657912;;normale;;Bidirectionnelle;;99;0;0;;0;2;Voie Communale;;Partie rectiligne;Plat;;Sur chaussée;1996,1933,1996,1965;Masculin,Féminin,Masculin,Masculin;Se déplaçant,Se déplaçant,Se déplaçant,Se déplaçant;Indemne,Blessé,Indemne,Indemne;Ceinture,Ceinture,Ceinture,Ceinture;Oui,Oui,Oui,Oui;;B01,A01,C01;1,2,1,1;Conducteur,Passager,Conducteur,Conducteur;;Utilisation professionnelle,Promenade – loisirs,Utilisation professionnelle,Promenade – loisirs;Arrière,Avant,Arrière;Même sens,Même sens,Même sens;;Véhicule,Véhicule,Véhicule;;VU seul 1,VU seul 1,VL seul;;Métropole
201500025167;2015-12-20T13:05:00+01:00;Rennes;15;12;20;13:05;Plein jour;En agglomération;Intersection en T;Normale;Autre collision;35;238;35238;00, NEMOURS ( DE);4810861;-167995;35000;00;48.108306, -1.680187;;normale;;Bidirectionnelle;;99;0;0;;0;2;Voie Communale;;;Plat;;Sur chaussée;1976,1969;Féminin,Masculin;Traversant,Se déplaçant;Blessé,Indemne;Ceinture;Oui;Sur chaussée - A + 50 m du passage piéton;A01;1;Piéton,Conducteur;Seul;Domicile – travail,Courses – achats;Avant;Tournant A droite;;Piéton;;VL seul;;Métropole
201500025181;2015-12-30T20:00:00+01:00;Saint-gregoire;15;12;30;20:00;Nuit avec éclairage public allumé;En agglomération;Intersection en X;Pluie forte;Autre collision;35;278;35278;00, DE GAULLE (AVENUE GE;4815179;-168604;35760;00;48.154967, -1.6876;;mouillée;;Bidirectionnelle;Banque cyclable;99;0;0;;0;3;Voie Communale;;Partie rectiligne;Plat;;Sur chaussée;1985,1986;Masculin,Féminin;Se déplaçant,Traversant;Indemne,Blessé;Ceinture;Oui;Sur passage piéton - Avec signalisation lumineuse;A01;1;Conducteur,Piéton;Seul;Promenade – loisirs,Autre;Avant;Tournant A gauche;;Piéton;;VL seul;;Métropole
201500024805;2015-02-14T20:50:00+01:00;Cesson-sevigne;15;02;14;20:50;Nuit sans éclairage public;Hors agglomération;Hors intersection;Normale;Sans collision;35;051;35051;00, CHANTEPIE (ROUTE DE);4809841;-160622;35510;00;48.101666, -1.604845;7;mouillée;;Bidirectionnelle;;99;86;0;;0;2;Route Départementale;0;En courbe à gauche;Plat;;Sur chaussée;1975,1971;Masculin,Masculin;Se déplaçant,Se déplaçant;Blessé,Blessé;Ceinture,Autre;Non déterminable,Non déterminable;;A01;1,2;Conducteur,Passager;;Promenade – loisirs,Promenade – loisirs;Avant;Sans changement de direction;;;Arbre;VL seul;;Métropole
201500024865;2015-06-05T09:00:00+02:00;Rennes;15;06;05;09:00;Plein jour;En agglomération;Hors intersection;Normale;Autre collision;35;238;35238;NICOLET (GAL);4809255;-168021;35000;;48.09298, -1.680192;;normale;;Bidirectionnelle;;00;0;0;;0;0;Voie Communale;;Partie rectiligne;Plat;;Sur chaussée;1971,1945,1958;Féminin,Masculin,Masculin;Traversant,Traversant,Se déplaçant;Blessé,Blessé,Indemne;Ceinture;Oui;Sur passage piéton - Sans signalisation lumineuse,Sur passage piéton - Sans signalisation lumineuse;A01;1;Piéton,Piéton,Conducteur;Accompagné,Accompagné;;Avant;Tournant A droite;;Piéton;;VU seul 1;;Métropole
201500024909;2015-06-29T20:10:00+02:00;Rennes;15;06;29;20:10;Plein jour;En agglomération;Hors intersection;Normale;Autre collision;35;238;35238;13, SAINT-HELIER;4810733;-167169;35000;13;48.107331, -1.671578;;normale;;Bidirectionnelle;;99;0;0;;0;2;Voie Communale;;Partie rectiligne;Plat;;Sur chaussée;1990,1960;Féminin,Masculin;Se déplaçant,Se déplaçant;Blessé,Indemne;Casque,Ceinture;Oui,Oui;;B01,A01;1,1;Conducteur,Conducteur;;Promenade – loisirs;Avant,Côté gauche;Sans changement de direction,Ouverture de porte;;Véhicule;Véhicule en stationnement;Bicyclette,VL seul;;Métropole
201500024960;2015-07-31T12:30:00+02:00;Rennes;15;07;31;12:30;Plein jour;En agglomération;Hors intersection;Normale;Deux véhicules - frontale;35;238;35238;48, VANEAU;4811172;-169306;35000;48;48.111909, -1.693007;;normale;;Bidirectionnelle;Voie réservée;99;0;0;;0;2;Voie Communale;;Partie rectiligne;Plat;;Sur piste cyclable;1962,1985;Masculin,Masculin;Se déplaçant,Se déplaçant;Blessé,Indemne;Casque,Ceinture;Oui,Oui;;A01,B01;1,1;Conducteur,Conducteur;;Domicile – travail;Côté droit,Avant;Tournant A droite,Sans changement de direction;;Véhicule,Véhicule;;VL seul,Bicyclette;;Métropole
201500025142;2015-12-07T10:30:00+01:00;Rennes;15;12;07;10:30;Plein jour;En agglomération;Intersection en X;Normale;Deux véhicules – par le coté;35;238;35238;05, YSER (BD DE L');4809184;-167827;35000;05;48.091956, -1.67405;;mouillée;;A sens unique;;99;0;0;;0;1;Voie Communale;;Partie rectiligne;Plat;;Sur chaussée;1944,1991;Féminin,Masculin;Se déplaçant,Se déplaçant;Indemne,Blessé;Ceinture,Casque;Oui,Oui;;B01,A01;1,1;Conducteur,Conducteur;;Domicile – travail;Avant,Côté gauche;Sans changement de direction,Tournant A gauche;;Véhicule,Véhicule;;Scooter > 125 cm3,VL seul;;Métropole
201500024735;2015-01-11T14:00:00+01:00;Rennes;15;01;11;14:00;Plein jour;En agglomération;Intersection en X;Normale;Deux véhicules – par le coté;35;238;35238;VERDUN/CO?TLOGON;4812270;-168542;35000;;48.118115, -1.689408;;normale;;Bidirectionnelle;;03;;0;;0;2;Voie Communale;;Partie rectiligne;Plat;Carrefour aménagé;Sur chaussée;1929,1989;Féminin,Féminin;Se déplaçant,Se déplaçant;Blessé,Blessé;Ceinture,Ceinture;Oui,Oui;;B01,A01;1,1;Conducteur,Conducteur;;Promenade – loisirs,Domicile – école;Avant gauche,Avant;Sans changement de direction,Sans changement de direction;;Véhicule,Véhicule;;VL seul,VL seul;;Métropole
201500024755;2015-01-28T07:50:00+01:00;Rennes;15;01;28;07:50;Nuit avec éclairage public allumé;En agglomération;Hors intersection;Pluie légère;Autre collision;35;238;35238;73, AV BUTTES DE COESMES;4812530;-163275;35000;73;48.123336, -1.63362;;mouillée;;Bidirectionnelle;Piste cyclable;03;;0;;0;2;Voie Communale;;Partie rectiligne;Plat;;Sur chaussée;1973,1998;Masculin,Féminin;Se déplaçant,Traversant;Indemne,Blessé;Ceinture;Oui;Sur passage piéton - Sans signalisation lumineuse;A01;1;Conducteur,Piéton;Accompagné;Domicile – travail,Domicile – école;Avant;Sans changement de direction;;Piéton;;VL seul;;Métropole
201500024758;2015-03-11T08:00:00+01:00;Rennes;15;03;11;08:00;Crépuscule ou aube;En agglomération;Intersection en T;Temps couvert;Sans collision;35;238;35238;00, CLOS COURTEL (DU);4812208;-162873;35000;00;48.126132, -1.628894;;mouillée;;Bidirectionnelle;Piste cyclable;99;0;0;;0;2;Voie Communale;;En courbe à droite;Sommet de côte;Carrefour aménagé;Sur chaussée;1972,1958;Masculin,Féminin;Se déplaçant,Se déplaçant;Blessé,Indemne;Casque,Ceinture;Oui,Oui;;B01,A01;1,1;Conducteur,Conducteur;;Domicile – travail,Domicile – travail;Côté gauche;Sans changement de direction,Tournant A gauche;;Autre,Autre;Sortie de chaussée sans obstacle;Scooter > 50 cm3 et <= 125 cm3,VL seul;;Métropole
201500024779;2015-04-01T11:00:00+02:00;Rennes;15;04;01;11:00;Plein jour;Hors agglomération;Giratoire;Normale;Deux véhicules – par l’arrière;35;238;35238;FREVILLE (PASSAGE);4808193;-167512;35000;;48.105546, -1.678824;;normale;;A sens unique;;99;0;0;;0;1;Route Départementale;;;Plat;Carrefour aménagé;Sur chaussée;1973,1994,1963,1962;Féminin,Masculin,Masculin,Masculin;Se déplaçant,Se déplaçant,Se déplaçant,Se déplaçant;Indemne,Indemne,Blessé,Blessé;Autre,Ceinture,Ceinture,Ceinture;Non déterminable,Oui,Oui,Oui;;A01,B01;3,1,1,2;Passager,Conducteur,Conducteur,Passager;;Utilisation professionnelle,Autre,Utilisation professionnelle,Utilisation professionnelle;Avant,Arrière;Même sens,Même sens;;Véhicule,Véhicule;;VL seul,VL seul;;Métropole
201500024793;2015-02-12T14:10:00+01:00;Rennes;15;02;12;14:10;Plein jour;En agglomération;Hors intersection;Normale;Deux véhicules – par le coté;35;238;35238;47, BD  LA T.D'AUVERGNE;4810410;-168435;35000;47;48.104142, -1.68421;;normale;;A chaussées séparées;Voie réservée;99;;0;;0;2;Voie Communale;;Partie rectiligne;Plat;;Sur chaussée;1979,1966;Féminin,Masculin;Se déplaçant,Se déplaçant;Indemne,Blessé;Ceinture,Casque;Oui,Non déterminable;;B01,A01;1,1;Conducteur,Conducteur;;Utilisation professionnelle,Promenade – loisirs;Côté droit;Sans changement de direction,Tournant A droite;;Véhicule,Véhicule;;Bicyclette,VL seul;;Métropole
201500008831;2015-10-08T19:15:00+02:00;;15;10;08;19:15;Nuit avec éclairage public allumé;En agglomération;Hors intersection;Normale;Deux véhicules - frontale;20;247;20247;rue Henri Freynet;4159886;0927787;;;48.099925, -1.644203;0;normale;;Bidirectionnelle;;00;568;0;;0;2;Route Départementale;377;Partie rectiligne;Plat;Bretelle d’échangeur ou de raccordement;Sur chaussée;1967,1990;Masculin,Féminin;Se déplaçant,Se déplaçant;Blessé,Indemne;Casque,Ceinture;Oui,Oui;;A01,B02;1,1;Conducteur,Conducteur;;Promenade – loisirs,Domicile – travail;Avant gauche,Avant;Tournant A gauche,Sans changement de direction;;Véhicule;;VL seul,Scooter < 50 cm3;;Métropole
201500024855;2015-03-07T15:10:00+01:00;Rennes;15;03;07;15:10;Plein jour;En agglomération;Hors intersection;Normale;Autre collision;35;238;35238;31, RUE DE PARIS;4811250;-166756;35000;31;48.112503, -1.667596;;normale;;Bidirectionnelle;;03;;0;;0;2;Voie Communale;;Partie rectiligne;Plat;;Sur chaussée;1932,1990;Masculin,Féminin;Se déplaçant,Traversant;Indemne,Blessé;Ceinture;Oui;Sur passage piéton - Sans signalisation lumineuse;A01;1;Conducteur,Piéton;Seul;Promenade – loisirs;Avant;Sans changement de direction;;Piéton;;VL seul;;Métropole
201500024904;2015-06-26T08:25:00+02:00;Rennes;15;06;26;08:25;Plein jour;En agglomération;Intersection en X;Normale;Autre collision;35;238;35238;00, VILLEBOIS MAREUIL (B;4810050;-164989;35000;00;48.104872, -1.651102;;normale;;Bidirectionnelle;;99;0;0;;0;2;Voie Communale;;Partie rectiligne;Plat;;Sur chaussée;2005;Masculin;Traversant;Blessé;;;Sur passage piéton - Avec signalisation lumineuse;A01;;Piéton;Seul;Domicile – école;Avant;Sans changement de direction;PK ou PR ou numéro d’adresse postale croissant;Piéton;;VL seul;;Métropole
201500024959;2015-07-30T18:15:00+02:00;Rennes;15;07;30;18:15;Plein jour;En agglomération;Intersection en T;Normale;Trois véhicules et plus - collisions multiples;35;238;35238;CHURCHILL (AVENUE SIR WI;4812199;-170878;35000;;48.120683, -1.70854;;normale;;Bidirectionnelle;;99;0;0;;0;2;Voie Communale;;Partie rectiligne;Plat;;Sur chaussée;1982,1984,1972;Masculin,Masculin,Masculin;Se déplaçant,Se déplaçant,Se déplaçant;Indemne,Blessé,Indemne;Ceinture,Ceinture,Ceinture;Oui,Oui,Oui;;C01,B01,A01;1,1,1;Conducteur,Conducteur,Conducteur;;;Arrière,Arrière,Avant;Arrêté (hors stationnement),Arrêté (hors stationnement),Sans changement de direction;;Véhicule,Véhicule,Véhicule;;VL seul,VL seul,VL seul;;Métropole
201500024998;2015-09-01T06:50:00+02:00;Rennes;15;09;01;06:50;Plein jour;Hors agglomération;Hors intersection;Normale;Trois véhicules et plus – en chaîne;35;238;35238;PORTE ALMA;4807994;-168322;35000;;48.098565, -1.675594;9;normale;;A chaussées séparées;;99;136;0;;0;4;Route Nationale;700;Partie rectiligne;Plat;Bretelle d’échangeur ou de raccordement;Sur chaussée;1990,1980,1996;Masculin,Masculin,Masculin;Se déplaçant,Se déplaçant,Se déplaçant;Blessé,Blessé,Indemne;Ceinture,Ceinture,Ceinture;Oui,Oui,Oui;;C01,B01,A01;1,1,1;Conducteur,Conducteur,Conducteur;;Domicile – travail,Utilisation professionnelle;Avant,Avant,Arrière gauche;Sans changement de direction,Sans changement de direction,En s’insérant;;Véhicule,Véhicule,Véhicule;;Tracteur routier + semi-remorque,VL seul,VL seul;;Métropole
201500025079;2015-11-04T08:30:00+01:00;Rennes;15;11;04;08:30;Nuit avec éclairage public allumé;En agglomération;Intersection en X;Normale;Deux véhicules – par le coté;35;238;35238;00, POMPIDOU ( BD GEORGE;4810175;-168447;35000;00;48.098275, -1.688241;;normale;;Bidirectionnelle;;99;0;0;;0;4;Voie Communale;;Partie rectiligne;Plat;;Sur chaussée;1969,1994;Féminin,Féminin;Se déplaçant,Se déplaçant;Blessé,Indemne;Autre,Ceinture;Non déterminable,Oui;;B01,A01;1,1;Conducteur,Conducteur;;Domicile – travail,Domicile – travail;Avant,Avant;Traversant la chaussée,Tournant A gauche;;Véhicule,Véhicule;;Bicyclette,VL seul;;Métropole
201500025094;2015-11-10T07:25:00+01:00;Rennes;15;11;10;07:25;Plein jour;Hors agglomération;Hors intersection;Normale;Deux véhicules – par l’arrière;35;238;35238;PORTE DE BEAULIEU;4809958;-161363;35000;;48.111949, -1.684709;3;normale;;A chaussées séparées;;99;136;0;;0;0;Route Nationale;811;Partie rectiligne;Plat;;Sur chaussée;1997,1972;Féminin,Féminin;Se déplaçant,Se déplaçant;Blessé,Blessé;Ceinture,Ceinture;Oui,Oui;;B01,A01;1,1;Conducteur,Conducteur;;;Arrière,Avant;Même sens,Même sens;;Véhicule,Véhicule;;VL seul,VL seul;;Métropole
201500025112;2015-11-27T10:00:00+01:00;Rennes;15;11;27;10:00;Plein jour;En agglomération;Intersection à plus de 4 branches;Normale;Autre collision;35;238;35238;71, STRASBOURG (BOULEVAR;4811453;-165704;35000;71;48.114408, -1.657067;;normale;;Bidirectionnelle;;99;0;0;;0;2;Voie Communale;;Partie rectiligne;Pente;;Sur chaussée;1966,1988;Masculin,Féminin;Se déplaçant,Traversant;Indemne,Blessé;Ceinture;Oui;Sur passage piéton - Avec signalisation lumineuse;A01;1;Conducteur,Piéton;Accompagné;Utilisation professionnelle,Promenade – loisirs;Avant;Sans changement de direction;;Piéton;;VU seul 1;;Métropole
201500025141;2015-12-06T03:25:00+01:00;Saint-jacques-de-la-lande;15;12;06;03:25;Nuit avec éclairage public allumé;En agglomération;Intersection en X;Normale;Deux véhicules – par le coté;35;281;35281;00, NANTES (RUE DE);4809035;-169278;35136;00;48.090954, -1.692452;11;normale;;Bidirectionnelle;;99;837;0;;0;2;Route Départementale;880;Partie rectiligne;Plat;;Sur chaussée;1989,1986,1965,1991;Féminin,Masculin,Féminin,Masculin;Se déplaçant,Se déplaçant,Se déplaçant,Se déplaçant;Blessé,Blessé,Blessé,Indemne;Ceinture,Ceinture,Ceinture,Ceinture;Oui,Oui,Oui,Oui;;B01,A01;2,1,3,1;Passager,Conducteur,Passager,Conducteur;;Promenade – loisirs,Promenade – loisirs,Promenade – loisirs;Arrière gauche,Avant;Sans changement de direction,Sans changement de direction;;Véhicule,Véhicule;;VL seul,VL seul;;Métropole
201500024776;2015-02-06T18:00:00+01:00;Rennes;15;02;06;18:00;Plein jour;En agglomération;Hors intersection;Normale;Autre collision;35;238;35238;150, RUE E.POTTIER;4810220;-171203;35000;150;48.102128, -1.712076;;normale;;Bidirectionnelle;;99;;0;;0;2;Voie Communale;;En courbe à droite;Plat;;Sur chaussée;1984,2007;Masculin,Masculin;Se déplaçant,Jouant – courant;Indemne,Blessé;Ceinture;Oui;Sur chaussée - A – 50 m du passage piéton;A01;1;Conducteur,Piéton;Accompagné;Domicile – travail,Promenade – loisirs;Avant;Sans changement de direction;;Piéton;;VL seul;;Métropole
201500024788;2015-02-11T06:55:00+01:00;Rennes;15;02;11;06:55;Nuit sans éclairage public;En agglomération;Hors intersection;Normale;Autre collision;35;238;35238;PORTE DE BREQUIGNY;4808400;-169874;35000;;48.111949, -1.684709;11;normale;;A chaussées séparées;;99;136;0;;0;0;Route Nationale;160;En courbe à droite;Plat;;Sur chaussée;1994;Féminin;Se déplaçant;Blessé;Ceinture;Oui;;A01;1;Conducteur;;Domicile – école;Côté gauche;Sans changement de direction;;;Fossé;VL seul;;Métropole
201500000824;2015-06-19T10:45:00+02:00;Bruz;15;06;19;10:45;Plein jour;En agglomération;Giratoire;Normale;Deux véhicules – par le coté;35;047;35047;giratoire de la bobinais;4802569;-173454;35170;;48.024281, -1.734966;26;normale;;;;99;44;0;;0;2;Route Départementale;310;En courbe à gauche;Plat;;Sur chaussée;1986,1954;Masculin,Masculin;Se déplaçant,Se déplaçant;Indemne,Blessé;Ceinture,Casque;Oui,Oui;;B02,A01;1,1;Conducteur,Conducteur;;Promenade – loisirs,Promenade – loisirs;Côté droit,Avant gauche;Sans changement de direction,En s’insérant;;;;Motocyclette > 125 cm3,VL seul;;Métropole
201500024754;2015-03-07T22:30:00+01:00;Saint-jacques-de-la-lande;15;03;07;22:30;Nuit avec éclairage public allumé;En agglomération;Intersection en X;Normale;Deux véhicules - frontale;35;281;35281;284, NANTES (RUE DE);4808856;-169379;35136;284;48.088665, -1.693824;;normale;;Bidirectionnelle;;99;0;0;;0;2;Voie Communale;;Partie rectiligne;Plat;;Sur chaussée;1963,2000,1991;Masculin,Féminin,Masculin;Se déplaçant,Se déplaçant,Se déplaçant;Indemne,Blessé,Indemne;Ceinture,Ceinture,Ceinture;Oui,Oui,Oui;;B01,A01;1,2,1;Conducteur,Passager,Conducteur;;Domicile – travail,Promenade – loisirs,Promenade – loisirs;Avant,Chocs multiples (tonneaux);Tournant A gauche,Sans changement de direction;;Véhicule,Véhicule;;VL seul,VL seul;;Métropole
201500024903;2015-06-25T17:20:00+02:00;Rennes;15;06;25;17:20;Plein jour;En agglomération;Intersection en T;Normale;Deux véhicules – par le coté;35;238;35238;00, BRETAGNE (PONT DE);4811008;-168623;35000;00;48.123169, -1.729286;;normale;;Bidirectionnelle;Voie réservée;99;0;0;;0;0;Voie Communale;;Partie rectiligne;Plat;;Sur chaussée;1974,1967,1963;Féminin,Masculin,Féminin;Se déplaçant,Se déplaçant,Se déplaçant;Indemne,Blessé,Blessé;Ceinture,Casque,Ceinture;Oui,Non,Non déterminable;;B01,A01;1,1,2;Conducteur,Conducteur,Passager;;Utilisation professionnelle,Promenade – loisirs,Autre;Avant,Avant;Sans changement de direction;;Véhicule,Véhicule;;Autobus,Bicyclette;;Métropole
201500024922;2015-07-06T18:45:00+02:00;Cesson-sevigne;15;07;06;18:45;Plein jour;En agglomération;Giratoire;Normale;Deux véhicules – par le coté;35;051;35051;00, MORAND (ROUTE DU CHE;4810143;-160829;35510;00;48.100578, -1.612731;6;normale;;A sens unique;;99;86;0;;0;2;Route Départementale;0;Partie rectiligne;Plat;Carrefour aménagé;Sur chaussée;1963,1962;Féminin,Masculin;Se déplaçant,Se déplaçant;Indemne,Blessé;Ceinture,Casque;Oui,Oui;;A01,B01;1,1;Conducteur,Conducteur;;Domicile – travail,Autre;Côté gauche,Avant droit;En s’insérant,Sans changement de direction;;Véhicule,Véhicule;;Motocyclette > 125 cm3,VL seul;;Métropole
201500024925;2015-07-09T01:00:00+02:00;Rennes;15;07;09;01:00;Nuit avec éclairage public allumé;En agglomération;Intersection en X;Normale;Deux véhicules – par le coté;35;238;35238;00, ALBERT 1ER (BD);4808894;-167428;35000;00;48.089566, -1.683324;;normale;;A sens unique;Banque cyclable;99;0;60;;30;2;Voie Communale;;Partie rectiligne;Plat;Carrefour aménagé;Sur chaussée;1994,1997,1997,1996,1994;Masculin,Féminin,Féminin,Masculin,Masculin;Se déplaçant,Se déplaçant,Se déplaçant,Se déplaçant,Se déplaçant;Blessé,Blessé,Blessé,Blessé,Blessé;Ceinture,Ceinture,Ceinture,Ceinture,Ceinture;Oui,Oui,Oui,Oui,Oui;;A01,B01;1,2,4,3,1;Conducteur,Passager,Passager,Passager,Conducteur;;Promenade – loisirs,Promenade – loisirs,Promenade – loisirs,Promenade – loisirs,Promenade – loisirs;Avant,Chocs multiples (tonneaux);Sans changement de direction,Sans changement de direction;;Véhicule,Véhicule;Poteau;VL seul,VL seul;;Métropole
201500024981;2015-08-18T18:00:00+02:00;Rennes;15;08;18;18:00;Plein jour;Hors agglomération;Intersection en X;Normale;Deux véhicules - frontale;35;238;35238;COMBES (BD EMILE);4809364;-167099;35000;;48.094244, -1.666466;;;;Bidirectionnelle;Banque cyclable;99;;;;;2;Voie Communale;;Partie rectiligne;Plat;Carrefour aménagé;Sur chaussée;1985,1977;Féminin,Masculin;Se déplaçant,Se déplaçant;Blessé,Indemne;Casque,Ceinture;Oui,Oui;;B01,A01;1,1;Conducteur,Conducteur;;Promenade – loisirs;Avant gauche,Avant droit;Arrêté (hors stationnement),Même sens;;Véhicule;;Cyclomoteur <50cm3,VU seul 1;;Métropole
201500025027;2015-09-29T17:30:00+02:00;Rennes;15;09;29;17:30;Plein jour;En agglomération;Intersection à plus de 4 branches;Normale;Deux véhicules – par le coté;35;238;35238;35, ROOSEVELT (BD FRANKL;4809730;-165777;35000;35;48.097159, -1.658273;;normale;;Bidirectionnelle;;99;0;0;;0;2;Voie Communale;;Partie rectiligne;Pente;;Sur chaussée;1958,1948;Féminin,Féminin;Se déplaçant,Se déplaçant;Blessé,Indemne;Autre,Ceinture;Non déterminable,Oui;;A01,B01;1,1;Conducteur,Conducteur;;Domicile – travail,Promenade – loisirs;Avant,Avant;Tournant A gauche,Sans changement de direction;;Véhicule,Véhicule;;VL seul,Bicyclette;;Métropole
201500025053;2015-10-19T08:00:00+02:00;Rennes;15;10;19;08:00;Crépuscule ou aube;Hors agglomération;Autre intersection;Normale;Autre collision;35;238;35238;PORTE DES LONGS CHAMPS;4814016;-163247;35000;;48.111949, -1.684709;23;normale;;A chaussées séparées;;99;136;0;;0;3;Route Nationale;388;Partie rectiligne;Plat;;Sur chaussée;1996;Masculin;Se déplaçant;Blessé;Ceinture;Oui;;A01;1;Conducteur;;;Avant;Sans changement de direction;;;Autre obstacle fixe sur chaussée;VL seul;;Métropole
201500025068;2015-10-28T17:20:00+01:00;Rennes;15;10;28;17:20;Plein jour;En agglomération;Hors intersection;Normale;Deux véhicules – par l’arrière;35;238;35238;06, ISLY (RUE D');4810608;-167761;35000;06;48.106282, -1.677763;;normale;;A chaussées séparées;;99;0;0;;0;4;Voie Communale;;Partie rectiligne;Plat;;Sur chaussée;1963,2007,1996,1998,2004,2001;Féminin,Féminin,Masculin,Masculin,Masculin,Masculin;Se déplaçant,Se déplaçant,Se déplaçant,Se déplaçant,Se déplaçant,Se déplaçant;Indemne,Indemne,Blessé,Indemne,Indemne,Indemne;Ceinture,Ceinture,Casque,Ceinture,Ceinture,Ceinture;Oui,Oui,Oui,Oui,Oui,Oui;;B01,A01;1,4,1,2,5,3;Conducteur,Passager,Conducteur,Passager,Passager,Passager;;Autre,Autre,Autre,Autre,Autre;Arrière droit,Avant;Déporté A droite,Même sens;;Véhicule,Véhicule;;VL seul,Scooter < 50 cm3;;Métropole
201500025102;2015-11-18T08:20:00+01:00;Rennes;15;11;18;08:20;Plein jour;Hors agglomération;Hors intersection;Normale;Trois véhicules et plus – en chaîne;35;238;35238;RN136;4813827;-170057;35000;136;48.111214, -1.696433;16;normale;;A chaussées séparées;;00;136;109;;0;2;Route Nationale;125;En courbe à droite;Plat;Bretelle d’échangeur ou de raccordement;Sur chaussée;1987,1981,1962;Masculin,Masculin,Masculin;Se déplaçant,Se déplaçant,Se déplaçant;Blessé,Blessé,Blessé;Ceinture,Ceinture,Ceinture;Oui,Oui,Oui;;C01,B01,A01;1,1,1;Conducteur,Conducteur,Conducteur;;Utilisation professionnelle;Arrière,Arrière,Avant;Même sens,Même sens,Même sens;;Véhicule,Véhicule,Véhicule;;VL seul,VL seul,VU seul 1;;Métropole
201500025116;2015-11-27T20:05:00+01:00;Rennes;15;11;27;20:05;Nuit avec éclairage public allumé;En agglomération;Intersection en T;Pluie légère;Autre collision;35;238;35238;08, LIBERTE (BD DE LA);4810744;-167612;35000;08;48.10768, -1.679482;;mouillée;;Bidirectionnelle;Banque cyclable;03;0;0;;0;2;Voie Communale;;Partie rectiligne;Plat;;Sur chaussée;1995;Masculin;Traversant;Blessé;;;Sur passage piéton - Sans signalisation lumineuse;Z01;;Piéton;En groupe;Autre;;Sans changement de direction;PK ou PR ou numéro d’adresse postale croissant;Piéton;;VL seul;;Métropole
201500025125;2015-12-01T18:10:00+01:00;Rennes;15;12;01;18:10;Nuit avec éclairage public allumé;En agglomération;Intersection en X;Normale;Deux véhicules – par le coté;35;238;35238;00, REPUBLIQUE (PLACE DE;4810980;-167792;35000;00;48.109784, -1.679091;;normale;;Bidirectionnelle;Voie réservée;99;0;0;;0;2;Voie Communale;;Partie rectiligne;Sommet de côte;;Sur chaussée;1963,1965;Masculin,Féminin;Se déplaçant,Se déplaçant;Blessé,Indemne;Autre,Ceinture;Non déterminable,Oui;;B01,A01;1,1;Conducteur,Conducteur;;Domicile – travail,Utilisation professionnelle;Arrière droit,Avant;Sans changement de direction,Tournant A gauche;;Véhicule,Véhicule;;Bicyclette,Autobus;1;Métropole
201500025160;2015-12-17T16:25:00+01:00;Rennes;15;12;17;16:25;Plein jour;En agglomération;Intersection en T;Normale;Autre collision;35;238;35238;00, ROCHESTER (AVENUE DE;4812810;-165908;35000;00;48.128238, -1.656933;;mouillée;;A chaussées séparées;Banque cyclable;99;0;40;;0;2;Voie Communale;;Partie rectiligne;Plat;;Sur chaussée;2003,1983;Masculin,Féminin;Traversant,Se déplaçant;Blessé,Indemne;Ceinture;Oui;Sur passage piéton - Sans signalisation lumineuse;A01;1;Piéton,Conducteur;Seul;Promenade – loisirs;Avant;Déporté A gauche;;Piéton;;VL seul;;Métropole
201500025164;2015-12-18T21:50:00+01:00;Rennes;15;12;18;21:50;Nuit avec éclairage public allumé;En agglomération;Intersection en X;Normale;Deux véhicules – par l’arrière;35;238;35238;09, BOURGEOIS (BOULEVARD;4809825;-165530;35000;09;48.099053, -1.653153;;normale;;Bidirectionnelle;;99;0;0;;0;2;Voie Communale;;Partie rectiligne;Plat;;Sur chaussée;1985,1976;Masculin,Masculin;Se déplaçant,Se déplaçant;Indemne,Blessé;Ceinture,Casque;Oui,Oui;;A01,B01;1,1;Conducteur,Conducteur;;;Arrière,Avant;Arrêté (hors stationnement),Même sens;;Véhicule,Véhicule;;VU seul 1,Scooter < 50 cm3;;Métropole
201500025091;2015-11-13T08:18:00+01:00;Saint-gregoire;15;11;13;08:18;Plein jour;En agglomération;Giratoire;Normale;Deux véhicules – par le coté;35;278;35278;00, SAINT EXUPERY (RUE A;4815941;-167732;35760;00;48.161399, -1.676443;;normale;;Bidirectionnelle;Banque cyclable;03;0;0;;0;2;Voie Communale;;En courbe à droite;Plat;Carrefour aménagé;Sur chaussée;1993,2002;Masculin,Masculin;Se déplaçant,Se déplaçant;Indemne,Blessé;Ceinture,Casque;Oui,Oui;;A01,B01;1,1;Conducteur,Conducteur;;Utilisation professionnelle;Avant;Sans changement de direction;;Véhicule,Véhicule;;PL seul > 7,Bicyclette;;Métropole
201500025144;2015-12-09T10:00:00+01:00;Rennes;15;12;09;10:00;Plein jour;En agglomération;Hors intersection;Normale;Deux véhicules - frontale;35;238;35238;37, NOEL (YVES);4808999;-167675;35000;37;48.089937, -1.676787;;normale;;Bidirectionnelle;;00;0;0;;0;2;Voie Communale;;Partie rectiligne;Plat;;Sur chaussée;1987,1968;Masculin,Masculin;Se déplaçant,Se déplaçant;Indemne,Blessé;Ceinture,Ceinture;Oui,Oui;;A01,B01;1,1;Conducteur,Conducteur;;Utilisation professionnelle;Avant,Avant;Sans changement de direction,Sans changement de direction;;Véhicule,Véhicule;;VL seul,VL seul;;Métropole
201500024736;2015-01-12T13:00:00+01:00;Rennes;15;01;12;13:00;Plein jour;En agglomération;Hors intersection;Temps couvert;Deux véhicules – par le coté;35;238;35238;22, AVENUE MAGINOT;4810980;-166928;35000;22;48.109831, -1.668827;;normale;;A sens unique;Banque cyclable;99;;0;;0;2;Voie Communale;;Partie rectiligne;Plat;;Sur piste cyclable;1979,1954;Masculin,Féminin;Se déplaçant,Se déplaçant;Indemne,Blessé;Ceinture;Non;;B01,A01;1,1;Conducteur,Conducteur;;Utilisation professionnelle,Domicile – travail;Avant,Côté gauche;Sans changement de direction,Ouverture de porte;;Véhicule,Véhicule;;Bicyclette,VU seul 1;;Métropole
201500024760;2015-03-11T11:15:00+01:00;Saint-jacques-de-la-lande;15;03;11;11:15;Plein jour;En agglomération;Hors intersection;Normale;Sans collision;35;281;35281;00, BEL AIR (RUE DE);4807823;-172488;35136;00;48.06569, -1.721013;;normale;;Bidirectionnelle;;99;0;0;;0;2;Voie Communale;;Partie rectiligne;Plat;;Sur chaussée;1987;Masculin;Se déplaçant;Blessé;Ceinture;Oui;;A01;1;Conducteur;;;Chocs multiples (tonneaux);Sans changement de direction;;;Fossé;VL seul;;Métropole
201500025063;2015-10-25T18:50:00+01:00;Rennes;15;10;25;18:50;Nuit avec éclairage public allumé;En agglomération;Intersection en X;Normale;Deux véhicules – par le coté;35;238;35238;00, FOUGERES (RUE DE);4812176;-166275;35000;00;48.124291, -1.65725;;normale;;Bidirectionnelle;;99;0;0;;0;2;Voie Communale;;Partie rectiligne;Sommet de côte;;Sur chaussée;1994,1993;Masculin,Masculin;Se déplaçant,Se déplaçant;Blessé,Indemne;Casque,Ceinture;Oui,Oui;;B01,A01;1,1;Conducteur,Conducteur;;Utilisation professionnelle,Promenade – loisirs;Avant droit,Avant;Tournant A gauche,Sans changement de direction;;Véhicule,Véhicule;;VL seul,Scooter < 50 cm3;;Métropole
201500025078;2015-11-03T21:20:00+01:00;Rennes;15;11;03;21:20;Nuit avec éclairage public allumé;En agglomération;Giratoire;Normale;Deux véhicules – par le coté;35;238;35238;00, VERN (DE);4808449;-164332;35000;00;48.099464, -1.692731;;mouillée;;A sens unique;;99;0;0;;0;3;Voie Communale;;;Plat;Carrefour aménagé;Sur chaussée;1978,1983;Masculin,Masculin;Se déplaçant,Se déplaçant;Indemne,Blessé;Ceinture,Casque;Oui,Oui;;B01,A01;1,1;Conducteur,Conducteur;;Promenade – loisirs;Côté droit,Avant gauche;Sans changement de direction,En s’insérant;;Véhicule,Véhicule;;Motocyclette > 125 cm3,VL seul;;Métropole
201500025083;2015-11-05T19:15:00+01:00;Cesson-sevigne;15;11;05;19:15;Nuit avec éclairage public allumé;En agglomération;Giratoire;Pluie légère;Autre collision;35;051;35051;01, RENNES (RUE DE);4811425;-160999;35510;01;48.114169, -1.62071;;mouillée;;Bidirectionnelle;;99;0;0;;0;2;Voie Communale;;En courbe à droite;Plat;Carrefour aménagé;Sur chaussée;1993,1937;Masculin,Féminin;Se déplaçant,Traversant;Indemne,Blessé;Ceinture;Oui;Sur passage piéton - Sans signalisation lumineuse;A01;1;Conducteur,Piéton;Seul;Autre;Avant droit;Sans changement de direction;;Piéton;;VL seul;;Métropole
201500025088;2015-11-06T21:25:00+01:00;Rennes;15;11;06;21:25;Nuit avec éclairage public allumé;En agglomération;Intersection en X;Pluie légère;Deux véhicules – par le coté;35;238;35238;CHATEAUDUN (DE);4811248;-166624;35000;;48.111442, -1.666081;;mouillée;;Bidirectionnelle;;00;0;0;;0;2;Voie Communale;;Partie rectiligne;Plat;;Sur chaussée;1994;Masculin;Se déplaçant;Blessé;Casque;Oui;;B01,A01;1;Conducteur;;Utilisation professionnelle;Avant,Côté gauche;Sans changement de direction,Sans changement de direction;PK ou PR ou numéro d’adresse postale croissant;Véhicule,Véhicule;;VL seul,Scooter < 50 cm3;;Métropole
201500025138;2015-12-06T17:40:00+01:00;Rennes;15;12;06;17:40;Crépuscule ou aube;En agglomération;Hors intersection;Normale;Sans collision;35;238;35238;00, SAINT-HELIER;4810672;-166915;35000;00;48.105963, -1.667801;;normale;;Bidirectionnelle;Banque cyclable;99;0;0;;0;2;Voie Communale;;Partie rectiligne;Plat;;Sur chaussée;1987;Masculin;Se déplaçant;Blessé;Casque;Oui;;A01;1;Conducteur;;Utilisation professionnelle;;;;;;Scooter < 50 cm3;;Métropole
201500025180;2015-12-30T18:45:00+01:00;Rennes;15;12;30;18:45;Nuit avec éclairage public allumé;En agglomération;Intersection en T;Normale;Autre collision;35;238;35238;00, LICES (PLACE DES);4811302;-168375;35000;00;48.113239, -1.682724;;normale;;Bidirectionnelle;;99;0;0;;0;2;Voie Communale;;Partie rectiligne;Plat;;Sur chaussée;1958;Féminin;Se déplaçant;Blessé;Ceinture;Oui;;A01;1;Conducteur;;Promenade – loisirs;;Tournant A gauche;;;Poteau;VL seul;;Métropole
201500024801;2015-04-13T16:00:00+02:00;Chantepie;15;04;13;16:00;Plein jour;En agglomération;Hors intersection;Normale;Deux véhicules – par le coté;35;055;35055;33, BOURGOGNE (AVENUE DE;4809004;-161404;35135;33;48.090143, -1.614623;;normale;;Bidirectionnelle;;99;0;0;;0;2;Voie Communale;;Partie rectiligne;Plat;;Sur chaussée;1940,1990;Masculin,Féminin;Se déplaçant,Se déplaçant;Blessé,Indemne;Autre,Ceinture;Non déterminable,Oui;;B01,A01;1,1;Conducteur,Conducteur;;Domicile – travail;Côté gauche;Traversant la chaussée,Sans changement de direction;;Véhicule,Véhicule;;Bicyclette,VL seul;;Métropole
201500024822;2015-04-27T08:10:00+02:00;Rennes;15;04;27;08:10;Plein jour;En agglomération;Hors intersection;Temps couvert;Deux véhicules – par le coté;35;238;35238;102, VERN (DE);4809690;-165341;35000;102;48.099464, -1.692731;;normale;;Bidirectionnelle;;99;0;0;;0;2;Voie Communale;;Partie rectiligne;Sommet de côte;;Sur chaussée;1959,1986;Féminin,Féminin;Se déplaçant,Se déplaçant;Blessé,Indemne;Ceinture,Ceinture;Oui,Oui;;A01,B01;1,1;Conducteur,Conducteur;;Domicile – travail;Avant gauche,Avant;Tournant A gauche,Sans changement de direction;;Véhicule,Véhicule;;VL seul,VL seul;;Métropole
201500024838;2015-02-27T12:15:00+01:00;Rennes;15;02;27;12:15;Plein jour;En agglomération;Hors intersection;Normale;Deux véhicules – par le coté;35;238;35238;8, BD DE METZ;4811497;-165734;35000;8;48.115039, -1.65733;;normale;;Bidirectionnelle;;99;;0;;0;2;Voie Communale;;Partie rectiligne;Plat;;Sur chaussée;1988,1978;Féminin,Masculin;Se déplaçant,Se déplaçant;Blessé,Indemne;Casque,Ceinture;Non déterminable,Oui;;A01,B01;1,1;Conducteur,Conducteur;;;Avant;Tournant A gauche,Sans changement de direction;;Véhicule,Véhicule;;VL seul,Bicyclette;;Métropole
201500024899;2015-06-23T16:00:00+02:00;Rennes;15;06;23;16:00;Plein jour;En agglomération;Hors intersection;Normale;Sans collision;35;238;35238;22, TOUR D'AUVERGNE (BD;4810605;-168444;35000;22;48.105851, -1.684739;;normale;;A chaussées séparées;;03;0;0;;0;4;Voie Communale;;Partie rectiligne;Plat;;Sur chaussée;1975;Masculin;Se déplaçant;Blessé;Autre;Non déterminable;;A01;1;Conducteur;;Autre;;Sans changement de direction;;;;Bicyclette;;Métropole
201500024938;2015-07-20T07:30:00+02:00;Rennes;15;07;20;07:30;Plein jour;En agglomération;Giratoire;Normale;Deux véhicules – par le coté;35;238;35238;00, ALBERT 1ER (BD);4809008;-169097;35000;00;48.089566, -1.683324;;mouillée;;A chaussées séparées;;99;0;0;;0;2;Voie Communale;;Partie rectiligne;Plat;Carrefour aménagé;Sur chaussée;1945,1971;Masculin,Masculin;Se déplaçant,Se déplaçant;Indemne,Blessé;Ceinture,Casque;Oui,Oui;;B01,A01;1,1;Conducteur,Conducteur;;Promenade – loisirs,Domicile – travail;Avant gauche,Avant;En s’insérant,Sans changement de direction;;Véhicule,Véhicule;;VL seul,Motocyclette > 50 cm3 et <= 125 cm3;;Métropole
201500024942;2015-07-23T15:50:00+02:00;Rennes;15;07;23;15:50;Plein jour;En agglomération;Hors intersection;Normale;Autre collision;35;238;35238;18, VOLNEY (BD);4812328;-166494;35000;18;48.123281, -1.664981;;normale;;Bidirectionnelle;;99;0;0;;0;2;Voie Communale;;Partie rectiligne;Plat;;Sur chaussée;1945;Féminin;Se déplaçant;Blessé;Ceinture;Oui;;A01;1;Conducteur;;Autre;Avant gauche;Sans changement de direction;;;Véhicule en stationnement;VL seul;;Métropole
201500024951;2015-07-28T16:30:00+02:00;Rennes;15;07;28;16:30;Plein jour;En agglomération;Intersection en X;Normale;Deux véhicules – par le coté;35;238;35238;00, PRE BOTTE (DU);4810935;-167784;35000;00;48.109336, -1.678196;;mouillée;;A sens unique;;99;0;0;;0;1;Voie Communale;;Partie rectiligne;Plat;;Sur chaussée;1986,1992,2006,2011,2009,1995;Féminin,Féminin,Masculin,Masculin,Masculin,Féminin;Se déplaçant,Se déplaçant,Se déplaçant,Se déplaçant,Se déplaçant,Se déplaçant;Indemne,Indemne,Indemne,Indemne,Indemne,Blessé;Ceinture,Ceinture,Ceinture,Autre,Ceinture,Casque;Oui,Oui,Oui,Non déterminable,Oui,Oui;;B01,A01;1,2,5,3,4,1;Conducteur,Passager,Passager,Passager,Passager,Conducteur;;Promenade – loisirs,Promenade – loisirs,Promenade – loisirs,Promenade – loisirs,Promenade – loisirs,Promenade – loisirs;Avant,Arrière droit;Sans changement de direction,Sans changement de direction;;Véhicule,Véhicule;;Bicyclette,VL seul;;Métropole
201500024918;2015-07-05T18:30:00+02:00;Rennes;15;07;05;18:30;Plein jour;En agglomération;Intersection en X;Normale;Deux véhicules – par le coté;35;238;35238;CHATEAUGIRON (DE);4809514;-163785;35000;;48.099655, -1.649027;;normale;;Bidirectionnelle;Banque cyclable;99;0;0;;0;2;Voie Communale;;Partie rectiligne;Plat;Carrefour aménagé;Sur chaussée;1944,1981;Masculin,Masculin;Se déplaçant,Se déplaçant;Blessé,Indemne;Autre,Ceinture;Non déterminable,Oui;;A01,B01;1,1;Conducteur,Conducteur;;Autre;Avant gauche;Tournant A gauche;;Véhicule,Véhicule;;VL seul,Bicyclette;;Métropole
201500024935;2015-07-17T18:00:00+02:00;Saint-gregoire;15;07;17;18:00;Plein jour;Hors agglomération;Hors intersection;Normale;Deux véhicules – par l’arrière;35;278;35278;R.N. 136;4814094;-168323;35760;136;48.134654, -1.692301;19;normale;;A chaussées séparées;Voie réservée;99;136;0;;0;4;Route Nationale;450;Partie rectiligne;Plat;;Sur chaussée;1985,2012,1991;Féminin,Féminin,Féminin;Se déplaçant,Se déplaçant,Se déplaçant;Indemne,Blessé,Indemne;Ceinture,Dispositif enfants,Ceinture;Oui,Oui,Oui;;A01,B01;1,2,1;Conducteur,Passager,Conducteur;;Promenade – loisirs,Promenade – loisirs,Domicile – travail;Avant,Avant gauche;Sans changement de direction,Sans changement de direction;;Véhicule,Véhicule;Glissière métallique;VL seul,VL seul;;Métropole
201500024961;2015-08-06T03:40:00+02:00;Rennes;15;08;06;03:40;Nuit avec éclairage public allumé;En agglomération;Intersection en X;Normale;Deux véhicules – par le coté;35;238;35238;ARMORIQUE (BD D');4812843;-166430;35000;;48.130307, -1.668977;;;;A chaussées séparées;;03;0;0;;0;4;Voie Communale;;Partie rectiligne;Plat;Carrefour aménagé;Sur chaussée;1973,1994;Masculin,Masculin;Se déplaçant,Se déplaçant;Indemne,Blessé;Ceinture,Casque;Oui,Oui;;B01,A01;1,1;Conducteur,Conducteur;;;Avant,Côté droit;Sans changement de direction,Tournant A gauche;;Véhicule,Véhicule;;Cyclomoteur <50cm3,VL seul;;Métropole
201500025034;2015-10-06T17:20:00+02:00;Rennes;15;10;06;17:20;Plein jour;En agglomération;Intersection à plus de 4 branches;Normale;Deux véhicules – par le coté;35;238;35238;21, COMBES (BD EMILE);4809351;-166909;35000;21;48.093571, -1.669287;;normale;;Bidirectionnelle;Banque cyclable;99;0;0;;0;3;Voie Communale;;Partie rectiligne;Plat;;Sur chaussée;1984,1969;Masculin,Féminin;Se déplaçant,Se déplaçant;Blessé,Indemne;Casque,Ceinture;Non déterminable,Oui;;A01,B01;1,1;Conducteur,Conducteur;;;Avant,Avant droit;Sans changement de direction,Tournant A gauche;;Véhicule,Véhicule;;Cyclomoteur <50cm3,VL seul;;Métropole
201500025038;2015-10-08T08:35:00+02:00;Saint-gregoire;15;10;08;08:35;Plein jour;En agglomération;Intersection en X;Normale;Autre collision;35;278;35278;00, ROBIQUETTE ( BOULEVA;4813838;-169829;35760;00;48.13358, -1.69313;;normale;;Bidirectionnelle;;99;0;0;;0;2;Voie Communale;;En courbe à gauche;Plat;;Sur chaussée;1985,1978;Masculin,Féminin;Se déplaçant,Se déplaçant;Blessé,Indemne;Ceinture,Ceinture;Oui,Oui;;B01,A01;1,1;Conducteur,Conducteur;;Utilisation professionnelle,Domicile – travail;Avant;Sans changement de direction,Sans changement de direction;;;Ilot;VL seul,VL seul;;Métropole
201500025162;2015-12-13T19:00:00+01:00;Rennes;15;12;13;19:00;Nuit avec éclairage public allumé;En agglomération;Intersection en X;Normale;Deux véhicules – par le coté;35;238;35238;00, LICES (PLACE DU BAS;4811256;-168480;35000;00;48.112481, -1.685332;;;;Bidirectionnelle;;99;;;;;2;Voie Communale;;Partie rectiligne;Plat;;Sur chaussée;1994,1982;Masculin,Masculin;Se déplaçant,Se déplaçant;Blessé,Indemne;Casque,Ceinture;Oui,Oui;;A01,B01;1,1;Conducteur,Conducteur;;Utilisation professionnelle;Avant gauche,Avant;;;Véhicule,Véhicule;;VL seul,Scooter < 50 cm3;;Métropole
201500025179;2015-12-30T13:55:00+01:00;Rennes;15;12;30;13:55;Plein jour;En agglomération;Hors intersection;Normale;Autre collision;35;238;35238;00, HOCHE (PLACE);4811531;-167734;35000;00;48.115408, -1.677282;;normale;;;;99;0;0;;0;0;Voie Communale;;Partie rectiligne;Plat;;Sur trottoir;1992;Féminin;Se déplaçant;Blessé;Autre;Non déterminable;;A01;1;Conducteur;;;Avant;Sans changement de direction;;;Poteau;Bicyclette;;Métropole
201500024799;2015-04-12T02:10:00+02:00;Rennes;15;04;12;02:10;Nuit sans éclairage public;Hors agglomération;Hors intersection;Normale;Autre collision;35;238;35238;PORTE DES LONGS CHAMPS;4813767;-162607;35000;;48.111949, -1.684709;;normale;;A chaussées séparées;;99;0;0;;0;4;Route Départementale;;Partie rectiligne;Plat;;Sur chaussée;1989,1993,1992;Masculin,Masculin,Masculin;Se déplaçant,Se déplaçant,Se déplaçant;Blessé,Blessé,Blessé;Ceinture,Ceinture,Ceinture;Oui,Oui,Oui;;A01;3,2,1;Passager,Passager,Conducteur;;Promenade – loisirs,Utilisation professionnelle,Utilisation professionnelle;Chocs multiples (tonneaux);Sans changement de direction;;;Glissière métallique;VL seul;;Métropole
201500024810;2015-04-20T14:00:00+02:00;Rennes;15;04;20;14:00;Plein jour;Hors agglomération;Hors intersection;Normale;Deux véhicules – par le coté;35;238;35238;RN136;4807930;-168886;35000;136;48.111214, -1.696433;10;normale;;A chaussées séparées;Voie réservée;99;2;0;;0;4;Route Nationale;131;En courbe à droite;Plat;Bretelle d’échangeur ou de raccordement;Sur chaussée;1985,1975;Masculin,Féminin;Se déplaçant,Se déplaçant;Indemne,Blessé;Ceinture,Ceinture;Oui,Oui;;B01,A01;1,1;Conducteur,Conducteur;;Utilisation professionnelle,Promenade – loisirs;Côté gauche,Avant;Sans changement de direction,En s’insérant;;Véhicule,Véhicule;;Tracteur routier + semi-remorque,VL seul;;Métropole
201500024759;2015-01-30T02:40:00+01:00;Rennes;15;01;30;02:40;Nuit avec éclairage public allumé;En agglomération;Intersection en T;Vent fort - tempête;Autre collision;35;238;35238;CHEZY/L.D'OR;4811360;-168724;35000;;48.116835, -1.685313;;mouillée;;Bidirectionnelle;;99;;0;;0;2;Voie Communale;;Partie rectiligne;Plat;Carrefour aménagé;Sur chaussée;1990,1970,1992;Masculin,Masculin,Féminin;Traversant,Se déplaçant,Traversant;Blessé,Indemne,Blessé;Ceinture;Oui;Sur passage piéton - Sans signalisation lumineuse,Sur passage piéton - Sans signalisation lumineuse;A01;1;Piéton,Conducteur,Piéton;Accompagné,Accompagné;Promenade – loisirs,Promenade – loisirs,Promenade – loisirs;Avant;Sans changement de direction;;Piéton;;VL seul;;Métropole
201500024768;2015-11-25T19:30:00+01:00;Saint-jacques-de-la-lande;15;11;25;19:30;Nuit avec éclairage public allumé;En agglomération;Hors intersection;Normale;Sans collision;35;281;35281;00, DODIN (AVENUE ROGER);4808671;-170751;35136;00;48.083155, -1.710248;24;mouillée;;A chaussées séparées;Banque cyclable;99;177;0;;0;4;Route Départementale;;Partie rectiligne;Plat;;Sur chaussée;1965;Masculin;Se déplaçant;Blessé;Casque;Oui;;A01;1;Conducteur;;;;Sans changement de direction;;;;Scooter > 50 cm3 et <= 125 cm3;;Métropole
201500024803;2015-04-17T14:00:00+02:00;Rennes;15;04;17;14:00;Plein jour;En agglomération;Hors intersection;Normale;Deux véhicules – par le coté;35;238;35238;5 BIS, COLOMBIER (BD DU);4810206;-168251;35000;5;48.105032, -1.677802;;normale;;Bidirectionnelle;Banque cyclable;99;0;0;;0;2;Voie Communale;;Partie rectiligne;Plat;;Sur chaussée;1970,1973;Masculin,Masculin;Se déplaçant,Se déplaçant;Blessé,Indemne;Casque,Ceinture;Non déterminable,Oui;;B01,A01;1,1;Conducteur,Conducteur;;Utilisation professionnelle;Avant,Avant droit;Sans changement de direction,En faisant demi-tour sur la chaussée;;Véhicule,Véhicule;Poteau;Motocyclette > 125 cm3,VL seul;;Métropole
201500024804;2015-04-17T14:40:00+02:00;Rennes;15;04;17;14:40;Plein jour;Hors agglomération;Hors intersection;Normale;Deux véhicules – par l’arrière;35;238;35238;RN136;4811390;-171892;35000;136;48.111214, -1.696433;14;normale;;A chaussées séparées;;99;2;0;;0;3;Route Nationale;900;Partie rectiligne;Pente;;Sur chaussée;1957,1929,1958;Masculin,Féminin,Féminin;Se déplaçant,Se déplaçant,Se déplaçant;Indemne,Blessé,Indemne;Ceinture,Ceinture,Ceinture;Oui,Oui,Oui;;A01,B01;1,1,2;Conducteur,Conducteur,Passager;;Promenade – loisirs,Promenade – loisirs,Promenade – loisirs;Arrière,Avant;Même sens,Même sens;;Véhicule,Véhicule;;VL seul,VL seul;;Métropole
201500024852;2015-05-19T18:30:00+02:00;Cesson-sevigne;15;05;19;18:30;Plein jour;Hors agglomération;Giratoire;Normale;Deux véhicules - frontale;35;051;35051;ALLIES (BOULEVARD DES);4812326;-162088;35510;;48.11523, -1.629276;1;normale;;A sens unique;Banque cyclable;00;386;0;;0;0;Route Départementale;550;Partie rectiligne;Plat;Carrefour aménagé;Sur chaussée;1962,1989;Masculin,Masculin;Se déplaçant,Se déplaçant;Blessé,Indemne;Casque,Ceinture;Oui,Oui;;A01,B01;1,1;Conducteur,Conducteur;;Domicile – travail;;;;;;VL seul,Bicyclette;;Métropole
201500024878;2015-06-10T15:50:00+02:00;Rennes;15;06;10;15:50;Plein jour;Hors agglomération;Hors intersection;Normale;Deux véhicules – par le coté;35;238;35238;MITTERAND (MAIL FRANCOIS;4810908;-169070;35000;;48.109331, -1.690691;;normale;;Bidirectionnelle;;00;0;0;;0;0;Voie Communale;;Partie rectiligne;Plat;;;1965,1969;Masculin,Masculin;Se déplaçant,Se déplaçant;Blessé,Indemne;Ceinture,Casque;Oui,Oui;;B01,A01;1,1;Conducteur,Conducteur;;Utilisation professionnelle;Côté gauche;;;Véhicule;;Bicyclette,VL seul;;Métropole
201500024933;2015-07-11T18:55:00+02:00;Rennes;15;07;11;18:55;Plein jour;En agglomération;Intersection en X;Normale;Deux véhicules – par le coté;35;238;35238;00, SAINT-JEAN BAPTISTE;4811445;-169999;35000;00;48.096599, -1.673113;;normale;;A chaussées séparées;Banque cyclable;99;0;0;;0;2;Voie Communale;;Partie rectiligne;Plat;;Sur chaussée;1990,1983,1992;Masculin,Masculin,Féminin;Se déplaçant,Se déplaçant,Se déplaçant;Blessé,Indemne,Blessé;Ceinture,Ceinture,Ceinture;Oui,Oui,Oui;;B01,A01;1,1,2;Conducteur,Conducteur,Passager;;Promenade – loisirs,Autre,Domicile – travail;Avant,Côté droit;Sans changement de direction,Sans changement de direction;;Véhicule,Véhicule;;VL seul,VL seul;;Métropole
201500024975;2015-08-12T19:20:00+02:00;Saint-gregoire;15;08;12;19:20;Plein jour;En agglomération;Giratoire;Normale;Deux véhicules – par l’arrière;35;278;35278;BELLE EPINE (BD DE LA);4815144;-169163;35760;;48.151665, -1.689154;;;;Bidirectionnelle;;00;;;;;2;Voie Communale;;Partie rectiligne;Plat;Carrefour aménagé;Sur chaussée;1990,1945,1975;Masculin,Féminin,Masculin;Se déplaçant,Se déplaçant,Se déplaçant;Indemne,Blessé,Indemne;Ceinture,Ceinture,Ceinture;Oui,Oui,Oui;;A01,B01;1,2,1;Conducteur,Passager,Conducteur;;Utilisation professionnelle,Promenade – loisirs,Promenade – loisirs;Arrière,Avant;En marche arrière,Arrêté (hors stationnement);;Véhicule,Véhicule;;VU seul 1,VL seul;;Métropole
201500025006;2015-08-24T08:10:00+02:00;Rennes;15;08;24;08:10;Plein jour;En agglomération;Hors intersection;Normale;Trois véhicules et plus - collisions multiples;35;238;35238;, GUILLAUDOT ( DU GENERA;4811478;-167443;35000;;48.11508, -1.67447;;normale;;A sens unique;;00;0;0;;0;1;Voie Communale;;En courbe à droite;Sommet de côte;;Sur chaussée;1980,1982,2010,1980,2013,2014,1977;Féminin,Féminin,Masculin,Masculin,Féminin,Féminin,Masculin;Se déplaçant,Se déplaçant,Se déplaçant,Se déplaçant,Se déplaçant,Se déplaçant,Se déplaçant;Blessé,Indemne,Indemne,Indemne,Indemne,Indemne,Indemne;Autre,Ceinture,Dispositif enfants,Autre,Autre,Autre,Ceinture;Non déterminable,Oui,Oui,Non déterminable,Non déterminable,Non déterminable,Non déterminable;;D01,B01,C01,A01;1,1,2,1,2,3,1;Conducteur,Conducteur,Passager,Conducteur,Passager,Passager,Conducteur;;Promenade – loisirs,Autre,Autre,Promenade – loisirs,Promenade – loisirs,Autre;Côté gauche,Côté droit;Sans changement de direction,Même sens;;Véhicule,Véhicule,Véhicule;;Bicyclette,VL seul,Bicyclette,VL seul;;Métropole
201500025075;2015-11-02T14:05:00+01:00;Rennes;15;11;02;14:05;Plein jour;En agglomération;Intersection en X;Normale;Autre collision;35;238;35238;70, GROS MALHON (AVENUE);4812812;-168343;35000;70;48.127088, -1.683142;;normale;;Bidirectionnelle;Banque cyclable;99;0;0;;0;4;Voie Communale;;Partie rectiligne;Plat;Carrefour aménagé;Sur chaussée;1968,1956;Féminin,Féminin;Se déplaçant,Traversant;Indemne,Blessé;Ceinture;Oui;Sur passage piéton - Avec signalisation lumineuse;A01;1;Conducteur,Piéton;Seul;Autre,Autre;Avant;;;Piéton;;VL seul;;Métropole
201500025117;2015-11-28T03:15:00+01:00;Rennes;15;11;28;03:15;Nuit avec éclairage public allumé;En agglomération;Hors intersection;Pluie légère;Deux véhicules – par le coté;35;238;35238;26, DUGUAY TROUIN (QUAI);4811017;-168386;35000;26;48.110203, -1.683784;;mouillée;;A sens unique;Banque cyclable;99;0;0;;0;2;Voie Communale;;Partie rectiligne;Plat;;Sur chaussée;1991,1991;Masculin,Féminin;Se déplaçant,Se déplaçant;Blessé,Indemne;Autre,Ceinture;Non,Oui;;B01,A01;1,1;Conducteur,Conducteur;;Promenade – loisirs,Promenade – loisirs;Avant;Sans changement de direction;;Véhicule,Véhicule;;VL seul,Bicyclette;;Métropole
201500025133;2015-12-04T09:15:00+01:00;Rennes;15;12;04;09:15;Plein jour;En agglomération;Hors intersection;Temps éblouissant;Trois véhicules et plus – en chaîne;35;238;35238;00, SAINT-HELIER;4810480;-166478;35000;00;48.105963, -1.667801;;normale;;Bidirectionnelle;Banque cyclable;99;0;0;;0;4;Voie Communale;;Partie rectiligne;Sommet de côte;Pont - autopont;Sur chaussée;1968,1969,1981;Masculin,Masculin,Masculin;Se déplaçant,Se déplaçant,Se déplaçant;Blessé,Blessé,Blessé;Ceinture,Ceinture,Ceinture;Oui,Oui,Oui;;A01,C01,B01;1,1,1;Conducteur,Conducteur,Conducteur;;Utilisation professionnelle,Utilisation professionnelle,Domicile – travail;Avant,Arrière,Arrière;Même sens,Arrêté (hors stationnement),Même sens;;Véhicule,Véhicule,Véhicule;;VL seul,VL seul,VU seul 1;;Métropole
201500025149;2015-12-11T13:00:00+01:00;Cesson-sevigne;15;12;11;13:00;Plein jour;En agglomération;Giratoire;Normale;Trois véhicules et plus – en chaîne;35;051;35051;00, BRAY (ROND-POINT DE);4810770;-161535;35510;00;48.107346, -1.617392;3;normale;;Bidirectionnelle;;99;386;0;;0;2;Route Départementale;450;Partie rectiligne;Plat;;Sur chaussée;1981,1990,1989;Masculin,Masculin,Féminin;Se déplaçant,Se déplaçant,Se déplaçant;Indemne,Indemne,Blessé;Ceinture,Ceinture,Ceinture;Oui,Oui,Oui;;A01,B01,C01;1,1,1;Conducteur,Conducteur,Conducteur;;Autre,Utilisation professionnelle;Avant,Arrière,Arrière;Même sens,Même sens,Même sens;;Véhicule,Véhicule,Véhicule;;VL seul,VL seul,VL seul;;Métropole
201500025007;2015-09-11T17:00:00+02:00;Rennes;15;09;11;17:00;Plein jour;Hors agglomération;Hors intersection;Normale;Trois véhicules et plus – en chaîne;35;238;35238;PORTE DE VILLEJEAN;4811770;-171970;35000;;48.12177, -1.70417;15;normale;;A chaussées séparées;;99;136;0;;0;4;Route Nationale;349;Partie rectiligne;Sommet de côte;;Sur chaussée;1983,1985,1985,1997;Féminin,Féminin,Féminin,Masculin;Se déplaçant,Se déplaçant,Se déplaçant,Se déplaçant;Blessé,Indemne,Indemne,Indemne;Ceinture,Ceinture,Ceinture,Ceinture;Oui,Oui,Oui,Oui;;C01,A01,B01;2,1,1,1;Passager,Conducteur,Conducteur,Conducteur;;;Arrière,Avant,Arrière;Même sens,Même sens,Même sens;;Véhicule,Véhicule,Véhicule;;VL seul,VL seul,VL seul;;Métropole
201500000913;2015-10-23T07:30:00+02:00;Laille;15;10;23;07:30;Nuit sans éclairage public;Hors agglomération;Hors intersection;Pluie légère;Deux véhicules - frontale;35;139;35139;Les Clotures;4795733;-172800;35890;;47.956818, -1.727368;13;normale;;Bidirectionnelle;;99;77;0;;0;0;Route Départementale;300;Partie rectiligne;;;Sur chaussée;1971,1997;Masculin,Masculin;Se déplaçant,Se déplaçant;Blessé,Blessé;Ceinture,Casque;Oui,Oui;;A01,B02;1,1;Conducteur,Conducteur;;Domicile – travail,Domicile – travail;Avant,Avant;Tournant A gauche,Déporté A gauche;;Véhicule,Véhicule;;VL seul,Cyclomoteur <50cm3;;Métropole
201500015444;2015-11-03T18:40:00+01:00;;15;11;03;18:40;Nuit avec éclairage public allumé;En agglomération;Autre intersection;Normale;Deux véhicules – par le coté;13;055;13055;BD FERDINAND DE LESSEPS;4332039;0537296;;;48.102251, -1.707582;;normale;;A sens unique;;00;4;30;C;0;1;Route Départementale;;En courbe à droite;Plat;Bretelle d’échangeur ou de raccordement;Sur chaussée;1963;Masculin;Se déplaçant;Blessé;Casque;Oui;;Z01,A01;1;Conducteur;;;Arrière droit,Avant gauche;Déporté A droite,Sans changement de direction;PK ou PR ou numéro d’adresse postale croissant;Véhicule,Véhicule;;VL seul,Scooter > 125 cm3;;Métropole
201500024746;2015-01-26T10:05:00+01:00;Rennes;15;01;26;10:05;Plein jour;En agglomération;Hors intersection;Normale;Deux véhicules – par le coté;35;238;35238;119, SAINT-HELIER;4810359;-166251;35000;119;48.105345, -1.665488;;normale;;A sens unique;Banque cyclable;99;0;0;;0;2;Voie Communale;;Partie rectiligne;Pente;Carrefour aménagé;Sur chaussée;1939,1996;Féminin,Féminin;Se déplaçant,Se déplaçant;Indemne,Blessé;Ceinture,Casque;Oui,Oui;;A01,B01;1,1;Conducteur,Conducteur;;Promenade – loisirs,Promenade – loisirs;Avant droit,Avant;Tournant A droite,Sans changement de direction;;Véhicule,Véhicule;;VL seul,Bicyclette;;Métropole
201500024765;2015-11-20T20:00:00+01:00;Cesson-sevigne;15;11;20;20:00;Nuit sans éclairage public;Hors agglomération;Hors intersection;Pluie légère;Autre collision;35;051;35051;00, PORTE DE LA RIGOURDI;4811550;-157072;35510;00;48.140179, -1.598291;1;mouillée;;A chaussées séparées;;99;136;0;;0;2;Route Nationale;0;Partie rectiligne;Plat;;Sur chaussée;1994;Féminin;Se déplaçant;Blessé;Ceinture;Oui;;A01;1;Conducteur;;;;Sans changement de direction;;;Sortie de chaussée sans obstacle;VL seul;;Métropole
201500024777;2015-03-30T18:10:00+02:00;Rennes;15;03;30;18:10;Plein jour;En agglomération;Intersection en T;Normale;Deux véhicules – par l’arrière;35;238;35238;00, TOURAUDAIS (AVENUE D;4812019;-163140;35000;00;48.118161, -1.633329;1;normale;;Bidirectionnelle;;99;197;0;;0;2;Route Départementale;500;En courbe à gauche;Plat;;Sur chaussée;1990,1975;Féminin,Masculin;Se déplaçant,Se déplaçant;Blessé,Indemne;Ceinture,Ceinture;Oui,Oui;;A01,B01;1,1;Conducteur,Conducteur;;Domicile – travail,Domicile – travail;Avant,Avant droit;Sans changement de direction;;Véhicule,Véhicule;;VL seul,VL seul;;Métropole
201500024835;2015-05-12T16:30:00+02:00;Saint-gregoire;15;05;12;16:30;Plein jour;En agglomération;Autre intersection;Normale;Autre collision;35;278;35278;BOUTIERE (BOULEVARD DE L;4814333;-168799;35760;;48.144246, -1.68947;;normale;;A sens unique;;00;0;0;;0;1;Voie Communale;;Partie rectiligne;Plat;Carrefour aménagé;Sur trottoir;1940;Masculin;Se déplaçant;Blessé;Ceinture;Non déterminable;;A01;1;Conducteur;;Promenade – loisirs;Avant;;;;Bordure de trottoir;VL seul;;Métropole
201500024848;2015-03-04T18:10:00+01:00;Rennes;15;03;04;18:10;Plein jour;En agglomération;Hors intersection;Normale;Deux véhicules – par l’arrière;35;238;35238;11, BD DE BULGARIE;4808470;-165904;35000;11;48.084769, -1.658483;;normale;;A chaussées séparées;Banque cyclable;99;;0;;0;2;Voie Communale;;Partie rectiligne;Plat;;Sur chaussée;1970,1975;Féminin,Féminin;Se déplaçant,Se déplaçant;Indemne,Blessé;Ceinture,Casque;Oui,Oui;;B01,A01;1,1;Conducteur,Conducteur;;Promenade – loisirs,Domicile – travail;Arrière,Avant;Arrêté (hors stationnement),Même sens;;Véhicule,Véhicule;;VL seul,Scooter < 50 cm3;;Métropole
201500024895;2015-06-19T14:00:00+02:00;Rennes;15;06;19;14:00;Plein jour;En agglomération;Intersection en X;Normale;Deux véhicules – par l’arrière;35;238;35238;00, DUGUAY TROUIN (QUAI);4811016;-168407;35000;00;48.110208, -1.68267;;normale;;A sens unique;Banque cyclable;99;0;0;;0;2;Voie Communale;;Partie rectiligne;Plat;;Sur chaussée;1993,1980;Masculin,Féminin;Se déplaçant,Se déplaçant;Blessé,Indemne;Autre,Ceinture;Non déterminable,Oui;;A01,B01;1,1;Conducteur,Conducteur;;Domicile – travail;Avant,Arrière;Tournant A gauche,Arrêté (hors stationnement);;Véhicule,Véhicule;;Bicyclette,VL seul;;Métropole
201500024914;2015-06-05T10:15:00+02:00;Rennes;15;06;05;10:15;Plein jour;En agglomération;Hors intersection;Normale;Deux véhicules – par l’arrière;35;238;35238;, SCHUMAN (PONT ROBERT);4815461;-169369;35000;;48.13236, -1.709873;;normale;;;;99;0;0;;0;2;Voie Communale;;En courbe à gauche;Pente;Pont - autopont;Sur chaussée;1957,1936,1988;Masculin,Féminin,Masculin;Traversant,Se déplaçant,Se déplaçant;Blessé,Indemne,Indemne;Ceinture,Ceinture;Oui,Oui;Sur passage piéton - Sans signalisation lumineuse;A01,B01;1,1;Piéton,Conducteur,Conducteur;Accompagné;Promenade – loisirs,Promenade – loisirs,Utilisation professionnelle;Avant,Avant;Sans changement de direction,Sans changement de direction;;Véhicule,Piéton;;VU seul 1,VL seul;;Métropole
201500024945;2015-05-06T12:10:00+02:00;Rennes;15;05;06;12:10;Plein jour;En agglomération;Intersection en T;Normale;Autre collision;35;238;35238;PARIS/R.LENOIR;4811270;-166464;35000;;48.122525, -1.683141;;normale;;Bidirectionnelle;Voie réservée;03;;0;;0;2;Voie Communale;;Partie rectiligne;Plat;;Sur chaussée;1999,1962;Masculin,Féminin;Traversant,Se déplaçant;Blessé,Blessé;Casque;Oui;Sur passage piéton - Sans signalisation lumineuse;A01;1;Piéton,Conducteur;Seul;Domicile – école,Domicile – travail;Avant droit;Sans changement de direction;;Piéton;;Scooter > 50 cm3 et <= 125 cm3;;Métropole
201500024967;2015-05-15T19:30:00+02:00;Rennes;15;05;15;19:30;Plein jour;En agglomération;Hors intersection;Normale;Sans collision;35;238;35238;ALLÉE DU GACET;4808540;-166552;35000;;48.085385, -1.66346;;mouillée;;Bidirectionnelle;;99;;0;;0;2;Voie Communale;;Partie rectiligne;Plat;;Sur chaussée;1956;Masculin;Se déplaçant;Blessé;Casque;Oui;;A01;1;Conducteur;;Promenade – loisirs;Avant;Sans changement de direction;;;;Scooter < 50 cm3;;Métropole
201500025001;2015-09-05T16:00:00+02:00;Rennes;15;09;05;16:00;Plein jour;En agglomération;Hors intersection;Normale;Autre collision;35;238;35238;00, UKRAINE (ALLEE D');4808138;-167838;35000;00;48.101834, -1.653737;;normale;;;;99;0;0;;0;1;Voie Communale;;En courbe à droite;Plat;;Sur trottoir;1939;Masculin;Se déplaçant;Blessé;Ceinture;Oui;;A01;1;Conducteur;;Courses – achats;Avant;Sans changement de direction;;;Autre obstacle fixe sur trottoir ou accotement;VL seul;;Métropole
201500025026;2015-09-14T18:36:00+02:00;Cesson-sevigne;15;09;14;18:36;Plein jour;Hors agglomération;Hors intersection;Normale;Sans collision;35;051;35051;PORTE DE LA RIGOURDIERE;4811142;-158711;35510;;48.115148, -1.586233;1;normale;;A chaussées séparées;;99;136;0;;0;4;Route Nationale;500;Partie rectiligne;Plat;;;1969;Masculin;Se déplaçant;Blessé;Ceinture;Oui;;A01;1;Conducteur;;;;;;;;VL seul;;Métropole
201500025110;2015-11-16T19:30:00+01:00;Saint-jacques-de-la-lande;15;11;16;19:30;Plein jour;Hors agglomération;Intersection en X;Normale;Deux véhicules – par le coté;35;281;35281;00, PILATE (RUE DE LA);4809251;-169468;35136;00;48.091993, -1.695118;0;mouillée;;;;00;0;0;;0;1;Voie Communale;0;;Plat;;;1984,1989;Féminin,Masculin;Se déplaçant,Se déplaçant;Indemne,Blessé;Ceinture,Casque;Oui,Oui;;A01,B01;1,1;Conducteur,Conducteur;;Utilisation professionnelle;Avant;Sans changement de direction;;Véhicule,Véhicule;;Cyclomoteur <50cm3,VL seul;;Métropole
201500025154;2015-12-13T09:40:00+01:00;Rennes;15;12;13;09:40;Plein jour;En agglomération;Intersection en X;Normale;Deux véhicules – par le coté;35;238;35238;00, FREVILLE (AVENUE HEN;4808377;-167511;35000;00;48.109755, -1.648118;;normale;;A chaussées séparées;;99;0;0;;0;4;Voie Communale;;Partie rectiligne;Plat;Carrefour aménagé;Sur chaussée;1972,1956;Féminin,Féminin;Se déplaçant,Se déplaçant;Blessé,Indemne;Ceinture,Ceinture;Oui,Oui;;A01,B01;1,1;Conducteur,Conducteur;;Courses – achats,Courses – achats;Avant droit,Avant gauche;Sans changement de direction,Sans changement de direction;;Véhicule,Véhicule;;VL seul,VL seul;;Métropole
201500014116;2015-01-30T08:00:00+01:00;;15;01;30;08:00;Plein jour;En agglomération;Hors intersection;Normale;Autre collision;13;055;13055;09, BD FERDINAND DE LESS;4331971;0536952;;09;48.102251, -1.707582;;normale;;A sens unique;;00;4;0;C;0;0;Route Départementale;;Partie rectiligne;Plat;;Sur chaussée;1980,2013,1968,1996,1972;Féminin,Féminin,Masculin,Masculin,Masculin;Se déplaçant,Se déplaçant,Se déplaçant,Se déplaçant,Se déplaçant;Blessé,Blessé,Blessé,Indemne,Indemne;Ceinture,Ceinture,Ceinture,Ceinture,Ceinture;Non déterminable,Non déterminable,Non déterminable,Oui,Non déterminable;;A01,B01;2,3,4,1,1;Passager,Passager,Passager,Conducteur,Conducteur;;Promenade – loisirs,Autre,Autre,Promenade – loisirs,Utilisation professionnelle;Avant droit,Avant gauche;Tournant A droite,Sans changement de direction;;Véhicule,Véhicule;;VL seul,Autobus;4;Métropole
201500024751;2015-01-21T14:45:00+01:00;Rennes;15;01;21;14:45;Plein jour;En agglomération;Intersection en X;Normale;Autre collision;35;238;35238;LIBERT?/JOFFRE;4810740;-167784;35000;;48.108432, -1.677822;;normale;;A chaussées séparées;Voie réservée;03;;0;;0;2;Voie Communale;;Partie rectiligne;Plat;Carrefour aménagé;Sur chaussée;1958;Féminin;Se déplaçant;Blessé;Ceinture;Oui;;A01;1;Conducteur;;Promenade – loisirs;Avant gauche;Sans changement de direction;;;Mobilier urbain;VL seul;;Métropole
201500024802;2015-02-14T04:10:00+01:00;Rennes;15;02;14;04:10;Nuit avec éclairage public allumé;En agglomération;Hors intersection;Pluie légère;Autre collision;35;238;35238;25 B RUE DE LA MONNAIE;4811040;-168462;35000;25;48.110459, -1.684547;;mouillée;;;;99;;0;;0;1;Voie Communale;;Partie rectiligne;Pente;;Sur chaussée;1964,1959;Masculin,Masculin;Se déplaçant,Se déplaçant;Indemne,Blessé;Ceinture,Casque;Non déterminable,Non;;B01,A01;1,1;Conducteur,Conducteur;;Promenade – loisirs,Promenade – loisirs;Avant;Sans changement de direction,Sans changement de direction;;Véhicule,Véhicule;;Bicyclette,VL seul;;Métropole
201500024811;2015-04-20T16:00:00+02:00;Rennes;15;04;20;16:00;Plein jour;En agglomération;Hors intersection;Normale;Deux véhicules – par le coté;35;238;35238;214, CHATILLON (DE);4808795;-167207;35000;214;48.087475, -1.672874;;normale;;Bidirectionnelle;;99;0;0;;0;2;Voie Communale;;Partie rectiligne;Plat;;Sur chaussée;1988,1963;Masculin,Masculin;Se déplaçant,Se déplaçant;Indemne,Blessé;Ceinture,Casque;Oui,Oui;;B01,A01;1,1;Conducteur,Conducteur;;;Avant,Avant gauche;Sans changement de direction,Tournant A gauche;;Véhicule,Véhicule;;Motocyclette > 50 cm3 et <= 125 cm3,VU seul 1;;Métropole
201500024814;2015-04-21T12:55:00+02:00;Cesson-sevigne;15;04;21;12:55;Plein jour;Hors agglomération;Giratoire;Normale;Deux véhicules - frontale;35;051;35051;LONGCHAMPS (PORTE DES);4813637;-162447;35510;;48.140179, -1.598291;23;normale;;A sens unique;Banque cyclable;99;0;0;;0;2;Route Départementale;600;En courbe à gauche;Plat;Carrefour aménagé;Sur chaussée;1966,1971;Féminin,Masculin;Se déplaçant,Se déplaçant;Indemne,Blessé;Ceinture,Casque;Oui,Oui;;A01,B01;1,1;Conducteur,Conducteur;;;Arrière droit,Avant gauche;Tournant A droite,Sans changement de direction;;Véhicule,Véhicule;;VL seul,Motocyclette > 125 cm3;;Métropole
201500024818;2015-04-25T11:55:00+02:00;Cesson-sevigne;15;04;25;11:55;Plein jour;Hors agglomération;Hors intersection;Normale;Autre collision;35;051;35051;PORTE DE LA RIGOURDIERE;4811875;-157255;35510;;48.115148, -1.586233;0;normale;;A chaussées séparées;Voie réservée;99;136;0;;0;4;Route Nationale;50;En courbe à droite;Plat;;Sur chaussée;1971;Féminin;Se déplaçant;Blessé;Ceinture;Oui;;A01;1;Conducteur;;Promenade – loisirs;Avant;Sans changement de direction;;;Fossé;VL seul;;Métropole
201500024894;2015-06-18T13:35:00+02:00;Rennes;15;06;18;13:35;Plein jour;En agglomération;Hors intersection;Normale;Autre collision;35;238;35238;49, LEROUX (BD OSCAR);4809158;-166255;35000;49;48.091602, -1.663171;;normale;;A sens unique;;00;0;0;;0;1;Voie Communale;;Partie rectiligne;Plat;;Sur chaussée;2002,1982;Masculin,Féminin;Masqué,Se déplaçant;Blessé,Indemne;Ceinture;Oui;Sur chaussée - A – 50 m du passage piéton;A01;1;Piéton,Conducteur;Seul;Domicile – école;;;;Piéton;;VL seul;;Métropole
201500024941;2015-05-04T14:55:00+02:00;Rennes;15;05;04;14:55;Plein jour;En agglomération;Intersection en X;Pluie légère;Deux véhicules – par le coté;35;238;35238;TOULLIER/JANVIER;4810940;-167393;35000;;48.109295, -1.675662;;mouillée;;A sens unique;;03;;0;;0;1;Voie Communale;;Partie rectiligne;Plat;Carrefour aménagé;Sur chaussée;1993,1982;Masculin,Masculin;Se déplaçant,Se déplaçant;Blessé,Indemne;Ceinture;Oui;;A01,B01;1,1;Conducteur,Conducteur;;Promenade – loisirs,Utilisation professionnelle;Côté gauche,Arrière droit;Traversant la chaussée,Tournant A droite;;Véhicule,Véhicule;;Bicyclette,VU seul 1;;Métropole
201500024971;2015-08-11T17:00:00+02:00;Rennes;15;08;11;17:00;Plein jour;En agglomération;Intersection en T;Normale;Deux véhicules – par le coté;35;238;35238;00, SAINT-HELIER;4810647;-166828;35000;00;48.105963, -1.667801;;normale;;Bidirectionnelle;Banque cyclable;99;0;0;;0;2;Voie Communale;;Partie rectiligne;Plat;Carrefour aménagé;Sur chaussée;1974,1971;Masculin,Masculin;Se déplaçant,Se déplaçant;Indemne,Blessé;Ceinture,Casque;Oui,Oui;;B01,A01;1,1;Conducteur,Conducteur;;Autre,Autre;Côté droit,Avant droit;Sans changement de direction,Tournant A gauche;;Véhicule,Véhicule;;Motocyclette > 125 cm3,VL seul;;Métropole
201500024982;2015-08-14T11:50:00+02:00;Rennes;15;08;14;11:50;Plein jour;En agglomération;Hors intersection;Pluie légère;Deux véhicules – par l’arrière;35;238;35238;CANADA (AVENUE DU);4808795;-168224;35000;;48.086391, -1.682214;;mouillée;;;;00;0;0;;0;0;Voie Communale;;Partie rectiligne;Plat;;Sur chaussée;1989,1994;Masculin,Masculin;Se déplaçant,Se déplaçant;Indemne,Blessé;Ceinture,Casque;Oui,Oui;;B01,A01;1,1;Conducteur,Conducteur;;;Arrière,Avant;Arrêté (hors stationnement),Même sens;;Véhicule,Véhicule;;Motocyclette > 125 cm3,VL seul;;Métropole
201500025017;2015-09-21T08:30:00+02:00;Rennes;15;09;21;08:30;Plein jour;En agglomération;Intersection en X;Normale;Deux véhicules – par le coté;35;238;35238;155, SAINT-MALO (RUE DE);4812263;-168422;35000;155;48.122805, -1.684394;;normale;;Bidirectionnelle;;99;0;0;;0;2;Voie Communale;;Partie rectiligne;Plat;;Sur chaussée;1991,1970;Féminin,Masculin;Se déplaçant,Se déplaçant;Blessé,Indemne;Autre,Ceinture;Non déterminable,Oui;;A01,B01;1,1;Conducteur,Conducteur;;Domicile – travail;Avant,Avant;Tournant A gauche,Sans changement de direction;;Véhicule,Véhicule;;VL seul,Bicyclette;;Métropole
201500025031;2015-10-02T07:35:00+02:00;Rennes;15;10;02;07:35;Crépuscule ou aube;En agglomération;Hors intersection;Normale;Deux véhicules – par l’arrière;35;238;35238;15, GUILLOUX (LOUIS);4811006;-169887;35000;15;48.110017, -1.699077;;normale;;Bidirectionnelle;;99;0;0;;0;3;Voie Communale;;Partie rectiligne;Sommet de côte;;Sur chaussée;1992,1991,1993;Féminin,Masculin,Féminin;Se déplaçant,Se déplaçant,Se déplaçant;Blessé,Indemne,Indemne;Ceinture,Ceinture,Ceinture;Oui,Oui,Oui;;B01,A01;1,1,2;Conducteur,Conducteur,Passager;;Promenade – loisirs,Promenade – loisirs,Promenade – loisirs;Arrière,Avant;Arrêté (hors stationnement),Même sens;;Véhicule,Véhicule;;VL seul,VL seul;;Métropole
201500025059;2015-10-23T12:10:00+02:00;Rennes;15;10;23;12:10;Plein jour;En agglomération;Hors intersection;Normale;Deux véhicules – par l’arrière;35;238;35238;80, COMBES (BD EMILE);4809537;-166290;35000;80;48.095339, -1.662837;;normale;;Bidirectionnelle;Banque cyclable;99;0;0;;0;2;Voie Communale;;Partie rectiligne;Plat;;Sur chaussée;1975,1960;Féminin,Masculin;Se déplaçant,Se déplaçant;Blessé,Indemne;Ceinture,Ceinture;Oui,Oui;;A01,B01;1,1;Conducteur,Conducteur;;Autre;Avant,Arrière;Même sens,Même sens;;Véhicule,Véhicule;;VL seul,VL seul;;Métropole
201500025076;2015-11-02T18:15:00+01:00;Saint-gregoire;15;11;02;18:15;Nuit sans éclairage public;Hors agglomération;Hors intersection;Normale;Autre collision;35;278;35278;R.N. 136;4814080;-168994;35760;136;48.134654, -1.692301;19;normale;;A chaussées séparées;;99;136;0;;0;4;Route Nationale;0;Partie rectiligne;Plat;;Sur chaussée;1988;Masculin;Se déplaçant;Blessé;Casque;Oui;;A01;1;Conducteur;;;;Entre 2 files;;;Sortie de chaussée sans obstacle;Motocyclette > 125 cm3;;Métropole
201500025081;2015-11-05T12:50:00+01:00;Rennes;15;11;05;12:50;Plein jour;En agglomération;Intersection en T;Normale;Deux véhicules – par le coté;35;238;35238;00, SAINTE FOIX (ROUTE);4810106;-172001;35000;00;48.099787, -1.723028;;mouillée;;Bidirectionnelle;;99;0;0;;0;2;Voie Communale;;Partie rectiligne;Plat;;Sur chaussée;1998,1967;Masculin,Masculin;Se déplaçant,Se déplaçant;Indemne,Blessé;Autre,Autre;Non déterminable,Non déterminable;;B01,A01;1,1;Conducteur,Conducteur;;Promenade – loisirs,Promenade – loisirs;Côté gauche,Avant;Traversant la chaussée,Sans changement de direction;;Véhicule,Véhicule;;Bicyclette,Bicyclette;;Métropole
201500025111;2015-11-20T08:25:00+01:00;Rennes;15;11;20;08:25;Crépuscule ou aube;En agglomération;Intersection en X;Pluie légère;Deux véhicules - frontale;35;238;35238;00, LOBINEAU;4809900;-168431;35000;00;48.099332, -1.684186;;mouillée;;;;00;0;0;;0;0;Voie Communale;;Partie rectiligne;Plat;;;1975,1965;Féminin,Féminin;Se déplaçant,Se déplaçant;Indemne,Blessé;Ceinture,Casque;Oui,Oui;;B01,A01;1,1;Conducteur,Conducteur;;;Avant;En s’insérant;;Véhicule,Véhicule;;Bicyclette,VL seul;;Métropole
201500025122;2015-11-30T17:00:00+01:00;Rennes;15;11;30;17:00;Plein jour;En agglomération;Intersection en X;Normale;Deux véhicules – par le coté;35;238;35238;00, BRETAGNE (PLACE DE);4810980;-168419;35000;00;48.109274, -1.684044;;normale;;Bidirectionnelle;;99;0;0;;0;2;Voie Communale;;;Plat;;Sur chaussée;1968,1983,1976;Féminin,Masculin,Féminin;Se déplaçant,Se déplaçant,Se déplaçant;Indemne,Indemne,Blessé;Ceinture,Ceinture,Ceinture;Oui,Oui,Non déterminable;;B01,A01;1,1,2;Conducteur,Conducteur,Passager;;Utilisation professionnelle,Promenade – loisirs;Avant,Avant gauche;Sans changement de direction,Sans changement de direction;;Véhicule,Véhicule;;Autocar,VL seul;1;Métropole
201500025126;2015-12-01T20:35:00+01:00;Rennes;15;12;01;20:35;Nuit avec éclairage public allumé;En agglomération;Hors intersection;Normale;Autre collision;35;238;35238;05, LE GUILLOUX (HENRI);4811525;-169887;35000;05;48.117016, -1.69597;;normale;;Bidirectionnelle;;99;0;104;;0;2;Voie Communale;;Partie rectiligne;Sommet de côte;;Sur chaussée;1988,1991,1977,1990,1995;Féminin,Masculin,Masculin,Féminin,Féminin;Se déplaçant,Se déplaçant,Se déplaçant,Se déplaçant,Se déplaçant;Blessé,Indemne,Blessé,Blessé,Blessé;Ceinture,Ceinture,Ceinture,Ceinture,Ceinture;Oui,Oui,Oui,Oui,Oui;;A01;1,3,4,5,2;Conducteur,Passager,Passager,Passager,Passager;;Utilisation professionnelle,Autre,Utilisation professionnelle,Utilisation professionnelle,Utilisation professionnelle;Avant;Sans changement de direction;;;Autre obstacle fixe sur chaussée;VL seul;;Métropole
201500024728;2015-02-20T09:40:00+01:00;Cesson-sevigne;15;02;20;09:40;Plein jour;En agglomération;Giratoire;Pluie légère;Deux véhicules - frontale;35;051;35051;00, ALLIES (BOULEVARD DE;4811417;-162077;35510;00;48.11523, -1.629276;;mouillée;;Bidirectionnelle;;99;0;0;;0;2;Voie Communale;;;Plat;Carrefour aménagé;Sur chaussée;1959,1985;Masculin,Féminin;Se déplaçant,Se déplaçant;Indemne,Blessé;Ceinture,Ceinture;Oui,Oui;;B01,A01;1,1;Conducteur,Conducteur;;Utilisation professionnelle,Promenade – loisirs;Avant droit,Avant;Sans changement de direction,Tournant A droite;;Véhicule,Véhicule;;VU seul 1,VL seul;;Métropole
201500024738;2015-01-13T05:10:00+01:00;Rennes;15;01;13;05:10;Nuit avec éclairage public allumé;En agglomération;Hors intersection;Pluie légère;Autre collision;35;238;35238;AVENUE MAGINOT;4810990;-166629;35000;;48.109842, -1.664092;;mouillée;;A sens unique;;99;;0;;0;2;Voie Communale;;Partie rectiligne;Plat;;Sur chaussée;1991;Féminin;Se déplaçant;Blessé;Ceinture;Non déterminable;;A01;1;Conducteur;;Domicile – travail;Avant;Sans changement de direction;;;Bordure de trottoir;VL seul;;Métropole
201500024767;2015-11-26T18:30:00+01:00;Saint-gregoire;15;11;26;18:30;Nuit sans éclairage public;Hors agglomération;Hors intersection;Normale;Sans collision;35;278;35278;00, RD 137;4813966;-169531;35760;00;48.1594, -1.690674;52;;;A chaussées séparées;;99;137;0;;0;4;Route Départementale;50;Partie rectiligne;Plat;Bretelle d’échangeur ou de raccordement;Sur chaussée;1992;Masculin;Se déplaçant;Blessé;Ceinture;Oui;;A01;1;Conducteur;;;;;;;;VL seul;;Métropole
201500024773;2015-02-05T14:30:00+01:00;Rennes;15;02;05;14:30;Plein jour;En agglomération;Hors intersection;Pluie légère;Autre collision;35;238;35238;18, RUE DE LA DONELI?RE;4813030;-168650;35000;18;48.105903, -1.68871;;mouillée;;;;99;;0;;0;2;Voie Communale;;Partie rectiligne;Plat;;Sur chaussée;1950,1985;Masculin,Féminin;Se déplaçant,Se déplaçant Sens inverse du véhicule;Indemne,Blessé;Ceinture;Oui;Sur chaussée - A + 50 m du passage piéton;A01;1;Conducteur,Piéton;Accompagné;Promenade – loisirs,Promenade – loisirs;Avant;Sans changement de direction;;Piéton;;VL seul;;Métropole
201500024780;2015-02-07T16:00:00+01:00;Rennes;15;02;07;16:00;Plein jour;En agglomération;Hors intersection;Normale;Deux véhicules – par le coté;35;238;35238;17, MAIL F.MITTERRAND;4810970;-168782;35000;17;48.109638, -1.688059;;normale;;Bidirectionnelle;Voie réservée;99;;0;;0;3;Voie Communale;;Partie rectiligne;Plat;;Sur chaussée;1986,1961;Masculin,Masculin;Se déplaçant,Se déplaçant;Blessé,Indemne;Casque,Ceinture;Oui,Oui;;A01,B01;1,1;Conducteur,Conducteur;;Promenade – loisirs,Promenade – loisirs;Côté droit,Arrière gauche;Dépassant A gauche,Arrêté (hors stationnement);;Véhicule,Véhicule;;Scooter < 50 cm3,VL seul;;Métropole
201500024786;2015-12-11T19:45:00+01:00;Rennes;15;12;11;19:45;Nuit avec éclairage public allumé;En agglomération;Hors intersection;Normale;Autre collision;35;238;35238;00, LEMAISTRE (JEAN);4810632;-172018;35000;00;48.10537, -1.719787;;;;Bidirectionnelle;;99;0;0;;0;2;Voie Communale;;Partie rectiligne;Sommet de côte;;Sur chaussée;1984;Féminin;Se déplaçant;Blessé;Ceinture;Oui;;A01;1;Conducteur;;Autre;Avant;Sans changement de direction;;;Poteau;VL seul;;Métropole
201500024995;2015-08-28T14:00:00+02:00;Rennes;15;08;28;14:00;Plein jour;En agglomération;Hors intersection;Normale;Autre collision;35;238;35238;36, GACET (ALLEE DU);4808542;-166151;35000;36;48.085365, -1.661897;;normale;;;;00;0;0;;0;0;Voie Communale;;Partie rectiligne;Plat;;;1948,1968;Masculin,Masculin;Se déplaçant Sens véhicule heurtant,Se déplaçant;Blessé,Indemne;Casque;Oui;Sur chaussée - A – 50 m du passage piéton;A01;1;Piéton,Conducteur;Seul;Promenade – loisirs,Autre;Avant;;;Piéton;;Cyclomoteur <50cm3;;Métropole
201500025100;2015-11-16T18:38:00+01:00;Rennes;15;11;16;18:38;Nuit avec éclairage public allumé;En agglomération;Hors intersection;Pluie légère;Deux véhicules – par le coté;35;238;35238;BREST (DE);4811337;-169617;35000;;48.112771, -1.692938;;mouillée;;A chaussées séparées;Voie réservée;00;0;0;;0;0;Voie Communale;;Partie rectiligne;Plat;;Sur chaussée;1994,1954;Masculin,Féminin;Se déplaçant,Se déplaçant;Indemne,Blessé;Casque,Casque;Oui,Oui;;A01,B01;1,1;Conducteur,Conducteur;;Utilisation professionnelle;Avant,Côté droit;Sans changement de direction,Traversant la chaussée;;Véhicule,Véhicule;;Cyclomoteur <50cm3,Bicyclette;;Métropole
201500024817;2015-04-27T18:40:00+02:00;Rennes;15;04;27;18:40;Plein jour;En agglomération;Intersection en X;Normale;Deux véhicules - frontale;35;238;35238;ALBERT 1ER (BD);4808970;-168563;35000;1;48.089566, -1.683324;;;;;;;;;;;;Voie Communale;;;;;;1934,1961;Masculin,Masculin;Se déplaçant,Se déplaçant;Indemne,Blessé;Ceinture,Casque;Oui,Oui;;A01,B01;1,1;Conducteur,Conducteur;;Promenade – loisirs,Courses – achats;Avant,Avant;Tournant A gauche,Sans changement de direction;;Véhicule,Véhicule;;VL seul,Cyclomoteur <50cm3;;Métropole
201500024843;2015-03-02T13:45:00+01:00;Rennes;15;03;02;13:45;Plein jour;En agglomération;Hors intersection;Normale;Deux véhicules - frontale;35;238;35238;33, RUE M.DE SERVIGNÉ;4810130;-173132;35000;33;48.101197, -1.731342;;normale;;Bidirectionnelle;;99;;0;;0;2;Voie Communale;;Partie rectiligne;Plat;;Sur chaussée;1995,1987;Masculin,Masculin;Se déplaçant,Se déplaçant;Blessé,Indemne;Ceinture,Ceinture;Oui,Oui;;B01,A01;1,1;Conducteur,Conducteur;;Domicile – travail,Utilisation professionnelle;Avant,Avant droit;Sans changement de direction,Tournant A gauche;;Véhicule,Véhicule;;VU seul 1,VL seul;;Métropole
201500024845;2015-05-16T12:20:00+02:00;Chantepie;15;05;16;12:20;Plein jour;En agglomération;Giratoire;Normale;Autre collision;35;055;35055;00, PONT BOEUF (RUE DU);4808573;-161437;35135;00;48.083197, -1.607656;;normale;;Bidirectionnelle;;99;0;0;;0;2;Route Départementale;;;Plat;Carrefour aménagé;Sur chaussée;1974;Masculin;Se déplaçant;Blessé;Ceinture;Oui;;A01;1;Conducteur;;Utilisation professionnelle;Côté droit;Tournant A gauche;;;Sortie de chaussée sans obstacle;Tracteur routier + semi-remorque;;Métropole
201500024872;2015-06-12T08:15:00+02:00;Cesson-sevigne;15;06;12;08:15;Plein jour;En agglomération;Hors intersection;Normale;Trois véhicules et plus - collisions multiples;35;051;35051;316, FOUGERES (ROUTE DE);4813230;-163446;35510;316;48.141606, -1.614952;;mouillée;;Bidirectionnelle;Banque cyclable;99;0;0;;0;1;Voie Communale;;Partie rectiligne;Plat;;Sur chaussée;1980,1980,2005;Masculin,Masculin,Masculin;Se déplaçant,Se déplaçant,Se déplaçant;Blessé,Indemne,Blessé;Autre,Ceinture,Autre;Non,Oui,Non;;A01,B01,C01;1,1,1;Conducteur,Conducteur,Conducteur;;Autre,Utilisation professionnelle,Autre;Avant gauche,Avant,Avant;Tournant A droite,Dépassant A gauche,Dépassant A gauche;;Véhicule,Véhicule,Véhicule;;VL seul,Bicyclette,Bicyclette;;Métropole
201500024897;2015-06-19T15:10:00+02:00;Rennes;15;06;19;15:10;Plein jour;Hors agglomération;Hors intersection;Normale;Trois véhicules et plus – en chaîne;35;238;35238;PORTE DE VILLEJEAN;4812936;-171097;35000;;48.12177, -1.70417;16;normale;;A chaussées séparées;;99;136;0;;0;4;Route Nationale;850;Partie rectiligne;Plat;;Sur chaussée;1993,1982,1947;Masculin,Féminin,Masculin;Se déplaçant,Se déplaçant,Se déplaçant;Indemne,Blessé,Indemne;Ceinture,Ceinture,Ceinture;Oui,Oui,Oui;;C01,B01,A01;1,1,1;Conducteur,Conducteur,Conducteur;;Promenade – loisirs,Promenade – loisirs;Arrière,Arrière,Avant;Même sens,Même sens,Même sens;;Véhicule,Véhicule,Véhicule;;VL seul,VU seul 1,VL seul;;Métropole
201500024907;2015-06-28T17:15:00+02:00;Cesson-sevigne;15;06;28;17:15;Plein jour;En agglomération;Intersection en X;Normale;Deux véhicules - frontale;35;051;35051;00, ALLIES (BOULEVARD DE;4813099;-162123;35510;00;48.11523, -1.629276;;normale;;Bidirectionnelle;;99;0;0;;0;2;Voie Communale;;Partie rectiligne;Plat;;Sur chaussée;1935,1955,1966,1929;Féminin,Masculin,Masculin,Masculin;Se déplaçant,Se déplaçant,Se déplaçant,Se déplaçant;Blessé,Indemne,Blessé,Blessé;Ceinture,Ceinture,Ceinture,Ceinture;Oui,Oui,Oui,Oui;;B01,A01;3,1,1,2;Passager,Conducteur,Conducteur,Passager;;;Avant,Avant;Tournant A gauche,Sans changement de direction;;Véhicule,Véhicule;;VL seul,VL seul;;Métropole
201500024924;2015-07-08T13:30:00+02:00;Saint-gregoire;15;07;08;13:30;Plein jour;En agglomération;Giratoire;Normale;Autre collision;35;278;35278;00, ROUTE DE SAINT-MALO;4813621;-169213;35760;00;48.138648, -1.69455;51;normale;;A sens unique;;99;137;0;;0;2;Route Départementale;500;Partie rectiligne;Plat;Carrefour aménagé;Sur chaussée;1966;Féminin;Traversant;Blessé;;;Sur passage piéton - Sans signalisation lumineuse;Z01;;Piéton;Seul;Courses – achats;Avant;Sans changement de direction;PK ou PR ou numéro d’adresse postale croissant;Piéton;;VL seul;;Métropole
201500024937;2015-07-19T01:00:00+02:00;Rennes;15;07;19;01:00;Nuit avec éclairage public allumé;En agglomération;Intersection en X;Normale;Deux véhicules – par le coté;35;238;35238;00, DE LATTRE DE TASSIGN;4811795;-168618;35000;00;48.116426, -1.686629;;normale;;Bidirectionnelle;Banque cyclable;99;0;80;;0;2;Voie Communale;;Partie rectiligne;Bas de côte;Carrefour aménagé;Sur chaussée;1991,1988;Masculin,Féminin;Se déplaçant,Se déplaçant;Indemne,Blessé;Ceinture,Ceinture;Oui,Oui;;A01,B01;1,1;Conducteur,Conducteur;;Promenade – loisirs,Promenade – loisirs;Avant,Avant gauche;Sans changement de direction,Sans changement de direction;;Véhicule,Véhicule;Poteau;VL seul,VL seul;;Métropole
201500024723;2015-02-17T08:29:00+01:00;Rennes;15;02;17;08:29;Plein jour;En agglomération;Intersection en T;Normale;Autre collision;35;238;35238;00, GRIMAULT (BD LEON);4809136;-165503;35000;00;48.091189, -1.652889;;normale;;Bidirectionnelle;;99;0;0;;0;2;Voie Communale;;Partie rectiligne;Pente;;Sur chaussée;1970,1959;Masculin,Masculin;Se déplaçant,Se déplaçant;Indemne,Blessé;Ceinture,Equipement réfléchissant;Non déterminable,Non;;A01,B01;1,1;Conducteur,Conducteur;;Domicile – travail;;Tournant A droite,Sans changement de direction;;Véhicule,Véhicule;;VL seul,Bicyclette;;Métropole
201500024772;2015-03-25T00:10:00+01:00;Saint-jacques-de-la-lande;15;03;25;00:10;Nuit avec éclairage public allumé;En agglomération;Hors intersection;Normale;Deux véhicules – par le coté;35;281;35281;02, BLUM (MAIL LEON);4808239;-171531;35136;02;48.079113, -1.715741;;normale;;Bidirectionnelle;;99;0;0;;0;2;Voie Communale;;Partie rectiligne;Plat;;Sur chaussée;1984,1980;Masculin,Masculin;Se déplaçant,Se déplaçant;Blessé,Indemne;Casque,Ceinture;Oui,Oui;;A01,B01;1,1;Conducteur,Conducteur;;Domicile – travail,Promenade – loisirs;Avant,Côté droit;Tournant A droite,Sans changement de direction;;Véhicule,Véhicule;;VL seul,Scooter > 125 cm3;;Métropole
201500024790;2015-02-11T13:00:00+01:00;Rennes;15;02;11;13:00;Plein jour;En agglomération;Intersection en X;Normale;Deux véhicules – par le coté;35;238;35238;GUERRAND/CLEUNAY;4810210;-169866;35000;;48.10101, -1.700561;;normale;;Bidirectionnelle;Banque cyclable;99;;0;;0;2;Voie Communale;;Partie rectiligne;Plat;;Sur chaussée;1961,1966,1992;Féminin,Féminin,Masculin;Se déplaçant,Se déplaçant,Se déplaçant;Indemne,Blessé,Indemne;Ceinture,Ceinture,Ceinture;Oui,Oui,Oui;;A01,B01;1,2,1;Conducteur,Passager,Conducteur;;Promenade – loisirs,Promenade – loisirs,Utilisation professionnelle;Avant gauche,Avant;En s’insérant,Sans changement de direction;;Véhicule,Véhicule;;VL seul,VU seul 1;;Métropole
201500024839;2015-05-14T09:25:00+02:00;Saint-gregoire;15;05;14;09:25;Plein jour;En agglomération;Intersection en T;Pluie légère;Autre collision;35;278;35278;17, BELLE EPINE (BD DE L;4815172;-168867;35760;17;48.15166, -1.688704;;mouillée;;Bidirectionnelle;;99;0;0;;0;2;Voie Communale;;Partie rectiligne;Sommet de côte;;Sur chaussée;1928,1941;Féminin,Masculin;Traversant,Se déplaçant;Blessé,Indemne;Ceinture;Oui;Sur passage piéton - Sans signalisation lumineuse;A01;1;Piéton,Conducteur;Seul;Promenade – loisirs,Promenade – loisirs;Avant;Sans changement de direction;;Piéton;;VL seul;;Métropole
201500024840;2015-02-27T13:10:00+01:00;Rennes;15;02;27;13:10;Plein jour;En agglomération;Hors intersection;Normale;Autre collision;35;238;35238;180, RUE DE CH?TEAUGIRON;4809810;-164338;35000;180;48.09805, -1.643498;;normale;;Bidirectionnelle;Voie réservée;99;;0;;0;3;Voie Communale;;Partie rectiligne;Plat;;Sur chaussée;1969;Masculin;Se déplaçant;Blessé;Casque;Oui;;A01;1;Conducteur;;Promenade – loisirs;Côté droit;Tournant A gauche;;;;Scooter > 125 cm3;;Métropole
201500024851;2015-05-22T13:40:00+02:00;Cesson-sevigne;15;05;22;13:40;Plein jour;Hors agglomération;Hors intersection;Normale;Deux véhicules – par le coté;35;051;35051;RIGOURDIERE (RUE DE LA);4811596;-158336;35510;;48.115148, -1.586233;;normale;;Bidirectionnelle;;99;0;0;;0;2;Voie Communale;;Partie rectiligne;Plat;;Sur chaussée;1982,1990;Féminin,Masculin;Se déplaçant,Se déplaçant;Blessé,Blessé;Ceinture,Casque;Oui,Oui;;B01,A01;1,1;Conducteur,Conducteur;;Utilisation professionnelle,Utilisation professionnelle;Avant,Arrière gauche;Sans changement de direction,Sans changement de direction;;Véhicule,Véhicule;;Motocyclette > 125 cm3,VL seul;;Métropole
201500024859;2015-06-03T11:35:00+02:00;Rennes;15;06;03;11:35;Plein jour;En agglomération;Intersection en X;Normale;Autre collision;35;238;35238;00, LIBERTE (BD DE LA);4810847;-168436;35000;00;48.10768, -1.679482;;normale;;A chaussées séparées;;99;0;0;;0;2;Voie Communale;;En courbe à droite;Plat;;Sur chaussée;1966,1935;Masculin,Masculin;Se déplaçant,Traversant;Indemne,Blessé;Ceinture;Oui;Sur passage piéton - Avec signalisation lumineuse;A01;1;Conducteur,Piéton;Seul;Utilisation professionnelle,Autre;Avant droit;Tournant A droite;;Piéton;;PL seul > 7;;Métropole
201500024906;2015-06-27T15:00:00+02:00;Rennes;15;06;27;15:00;Plein jour;En agglomération;Giratoire;Normale;Autre collision;35;238;35238;00, SAINT-MALO (RUE DE);4813230;-169086;35000;00;48.123042, -1.684463;;normale;;Bidirectionnelle;;99;0;0;;0;2;Voie Communale;;Partie rectiligne;Plat;Carrefour aménagé;Sur chaussée;1949,1973;Féminin,Féminin;Traversant,Se déplaçant;Blessé,Indemne;Ceinture;Oui;Sur passage piéton - Sans signalisation lumineuse;A01;1;Piéton,Conducteur;Seul;;Avant;En s’insérant;;Piéton;;VL seul;;Métropole
201500024939;2015-07-22T21:45:00+02:00;Rennes;15;07;22;21:45;Crépuscule ou aube;En agglomération;Intersection en X;Normale;Deux véhicules – par le coté;35;238;35238;26, LEROUX (BD OSCAR);4809137;-166496;35000;26;48.091302, -1.665866;;normale;;Bidirectionnelle;;99;0;0;;0;2;Voie Communale;;Partie rectiligne;Plat;;Sur chaussée;1958,1964;Masculin,Masculin;Se déplaçant,Se déplaçant;Indemne,Blessé;Ceinture,Casque;Oui,Oui;;B01,A01;1,1;Conducteur,Conducteur;;Autre,Promenade – loisirs;Avant,Avant;Sans changement de direction,Sans changement de direction;;Véhicule,Véhicule;;Motocyclette > 125 cm3,VL seul;;Métropole
201500024973;2015-08-12T13:20:00+02:00;Rennes;15;08;12;13:20;Plein jour;En agglomération;Intersection en X;Normale;Autre collision;35;238;35238;NEMOURS ( DE);4810988;-168019;35000;;48.108306, -1.680187;;normale;;Bidirectionnelle;Voie réservée;99;0;0;;0;2;Voie Communale;;Partie rectiligne;Plat;;Sur chaussée;1982,1976,2010;Féminin,Féminin,Masculin;Se déplaçant,Traversant,Traversant;Indemne,Blessé,Blessé;Autre;Non déterminable;Sur passage piéton - Sans signalisation lumineuse,Sur passage piéton - Sans signalisation lumineuse;A01;1;Conducteur,Piéton,Piéton;Accompagné,Accompagné;Utilisation professionnelle,Autre,Autre;Avant droit;Sans changement de direction;;Piéton;;Autobus;1;Métropole
201500024983;2015-08-21T09:10:00+02:00;Rennes;15;08;21;09:10;Plein jour;Hors agglomération;Autre intersection;Normale;Trois véhicules et plus - collisions multiples;35;238;35238;PORTE DE LORIENT;4811076;-171836;35000;;48.108962, -1.705868;14;normale;;A chaussées séparées;Voie réservée;99;136;0;;0;3;Route Nationale;600;Partie rectiligne;Plat;Bretelle d’échangeur ou de raccordement;Sur chaussée;1994,1991,1975;Masculin,Masculin,Masculin;Se déplaçant,Se déplaçant,Se déplaçant;Blessé,Blessé,Blessé;Ceinture,Ceinture,Ceinture;Oui,Oui,Oui;;B01,C01,A01;1,1,1;Conducteur,Conducteur,Conducteur;;;Côté gauche,Côté droit,Avant droit;Sans changement de direction,Sans changement de direction,Sans changement de direction;;Véhicule,Véhicule,Véhicule;Glissière béton;VL seul,VL seul,VL seul;;Métropole
201500025019;2015-09-20T02:25:00+02:00;Rennes;15;09;20;02:25;Nuit avec éclairage public allumé;En agglomération;Hors intersection;Normale;Sans collision;35;238;35238;00, MOTTE (CONTOUR DE LA;4811321;-167524;35000;00;48.112917, -1.675384;;;;A sens unique;Piste cyclable;99;0;0;;0;1;Voie Communale;;Partie rectiligne;Plat;;Sur chaussée;1998;Féminin;Se déplaçant;Blessé;Casque;Oui;;A01;1;Conducteur;;;;Sans changement de direction;;;Sortie de chaussée sans obstacle;Cyclomoteur <50cm3;;Métropole
201500025058;2015-10-22T21:35:00+02:00;Rennes;15;10;22;21:35;Nuit avec éclairage public allumé;En agglomération;Intersection en T;Normale;Deux véhicules – par le coté;35;238;35238;00, STRASBOURG (BOULEVAR;4811333;-165663;35000;00;48.11261, -1.65646;;normale;;Bidirectionnelle;;99;0;0;;0;2;Voie Communale;;Partie rectiligne;Sommet de côte;;Sur chaussée;1995,1979;Féminin,Masculin;Se déplaçant,Se déplaçant;Blessé,Indemne;Casque,Ceinture;Oui,Oui;;A01,B01;1,1;Conducteur,Conducteur;;Utilisation professionnelle,Promenade – loisirs;Avant,Avant gauche;Tournant A gauche,Sans changement de direction;;Véhicule,Véhicule;;VL seul,Scooter < 50 cm3;;Métropole
201500025065;2015-10-27T17:30:00+01:00;Rennes;15;10;27;17:30;Plein jour;En agglomération;Intersection en X;Normale;Deux véhicules – par le coté;35;238;35238;00, SAINT-MALO (RUE DE);4812727;-168659;35000;00;48.123042, -1.684463;;mouillée;;A chaussées séparées;Banque cyclable;99;0;0;;0;4;Voie Communale;;Partie rectiligne;Plat;Carrefour aménagé;Sur chaussée;2015,1980,1975;Masculin,Masculin,Masculin;Se déplaçant,Se déplaçant,Se déplaçant;Blessé,Indemne,Blessé;Ceinture,Ceinture,Ceinture;Oui,Oui,Oui;;B01,A01;2,1,1;Passager,Conducteur,Conducteur;;;Avant gauche,Côté droit;Arrêté (hors stationnement),Tournant A gauche;;Véhicule,Véhicule;Support de signalisation verticale ou poste d’appel d’urgence;VL seul,VL seul;;Métropole
201500025085;2015-11-06T14:05:00+01:00;Rennes;15;11;06;14:05;Plein jour;En agglomération;Intersection en T;Normale;Deux véhicules - frontale;35;238;35238;276, FOUGERES (RUE DE);4812890;-164557;35000;276;48.128695, -1.646249;;;;Bidirectionnelle;;00;0;0;;0;2;Voie Communale;;;;;Sur chaussée;1971,1988;Masculin,Masculin;Se déplaçant,Se déplaçant;Blessé,Indemne;Casque,Ceinture;Oui,Oui;;A01,B01;1,1;Conducteur,Conducteur;;;Avant droit,Avant;Tournant A gauche,Sans changement de direction;;Véhicule,Véhicule;;VL seul,Scooter < 50 cm3;;Métropole
201500025108;2015-11-11T21:45:00+01:00;Rennes;15;11;11;21:45;Nuit avec éclairage public non allumé;En agglomération;Intersection en T;Normale;Deux véhicules - frontale;35;238;35238;00, ROBIDOU (BERTRAND);4810917;-165945;35000;00;48.108422, -1.659219;;normale;;;Banque cyclable;99;0;0;;0;0;Voie Communale;;Partie rectiligne;Plat;;Sur chaussée;1992,1992,1992;Masculin,Masculin,Masculin;Se déplaçant,Se déplaçant,Se déplaçant;Blessé,Blessé,Indemne;Casque,Casque,Ceinture;Oui,Oui,Oui;;B01,A01;1,2,1;Conducteur,Passager,Conducteur;;;Avant;Sans changement de direction;;Véhicule,Véhicule;;Scooter > 125 cm3,VL seul;;Métropole
201500024800;2015-04-12T14:00:00+02:00;Rennes;15;04;12;14:00;Plein jour;Hors agglomération;Hors intersection;Normale;Deux véhicules - frontale;35;238;35238;PORTE ALMA;4808096;-167282;35000;;48.098565, -1.675594;8;normale;;A sens unique;;99;136;0;;0;3;Route Nationale;898;;Pente;Bretelle d’échangeur ou de raccordement;Sur chaussée;1994,1991,1995,1983;Féminin,Masculin,Féminin,Féminin;Se déplaçant,Se déplaçant,Se déplaçant,Se déplaçant;Blessé,Indemne,Blessé,Indemne;Ceinture,Ceinture,Ceinture,Ceinture;Oui,Oui,Oui,Oui;;A01,B01;3,1,2,1;Passager,Conducteur,Passager,Conducteur;;Promenade – loisirs,Promenade – loisirs,Promenade – loisirs,Promenade – loisirs;Avant,Arrière;En s’insérant,Arrêté (hors stationnement);;Véhicule,Véhicule;;VL seul,VL seul;;Métropole
201500024806;2015-04-18T00:15:00+02:00;Rennes;15;04;18;00:15;Nuit sans éclairage public;Hors agglomération;Autre intersection;Normale;Autre collision;35;238;35238;RN136;4813044;-170986;35000;136;48.111214, -1.696433;17;mouillée;;A chaussées séparées;Voie réservée;99;136;0;;0;4;Route Nationale;0;En courbe à droite;Plat;;Sur chaussée;1986;Féminin;Se déplaçant;Blessé;Ceinture;Oui;;A01;1;Conducteur;;Promenade – loisirs;Avant;Sans changement de direction;;;Glissière béton;VL seul;;Métropole
201500024916;2015-07-03T18:05:00+02:00;Rennes;15;07;03;18:05;Plein jour;En agglomération;Intersection en X;Normale;Deux véhicules – par l’arrière;35;238;35238;00, JANVIER (AVENUE JEAN;4810938;-167393;35000;00;48.106351, -1.673071;;normale;;A sens unique;Banque cyclable;03;0;0;;0;1;Voie Communale;;Partie rectiligne;Plat;Carrefour aménagé;Sur chaussée;1976,1989;Masculin,Masculin;Se déplaçant,Se déplaçant;Blessé,Indemne;Autre,Ceinture;Non déterminable,Oui;;A01,B01;1,1;Conducteur,Conducteur;;;Avant,Arrière;Même sens,Arrêté (hors stationnement);;Véhicule,Véhicule;;Bicyclette,VL seul;;Métropole
201500024917;2015-06-05T18:25:00+02:00;Cesson-sevigne;15;06;05;18:25;Plein jour;En agglomération;Giratoire;Normale;Deux véhicules – par le coté;35;051;35051;00, FOUGERES (ROUTE DE);;;35510;00;48.141606, -1.614952;;normale;;Bidirectionnelle;;99;0;0;;0;2;Voie Communale;;Partie rectiligne;Plat;Carrefour aménagé;Sur chaussée;1961,1967;Féminin,Masculin;Se déplaçant,Se déplaçant;Indemne,Blessé;Ceinture,Autre;Oui,Non déterminable;;B01,A01;1,1;Conducteur,Conducteur;;Domicile – travail,Domicile – travail;Avant,Avant;Sans changement de direction,Sans changement de direction;;Véhicule,Véhicule;;Bicyclette,VL seul;;
201500024948;2015-07-24T18:00:00+02:00;Rennes;15;07;24;18:00;Plein jour;Hors agglomération;Hors intersection;Normale;Trois véhicules et plus – en chaîne;35;238;35238;PORTE DE LORIENT;4811090;-171834;35000;;48.108962, -1.705868;15;normale;;A chaussées séparées;Voie réservée;99;24;0;;0;3;Route Nationale;500;Partie rectiligne;Pente;Bretelle d’échangeur ou de raccordement;Sur chaussée;1958,1992,1954,1955;Féminin,Masculin,Féminin,Féminin;Se déplaçant,Se déplaçant,Se déplaçant,Se déplaçant;Indemne,Indemne,Blessé,Indemne;Ceinture,Ceinture,Ceinture,Ceinture;Oui,Oui,Oui,Oui;;A01,C01,B01,D01;1,1,1,1;Conducteur,Conducteur,Conducteur,Conducteur;;Autre,Autre,Promenade – loisirs,Autre;Avant,Avant,Arrière,Avant;Même sens,Même sens,Même sens,Même sens;;Véhicule,Véhicule,Véhicule,Véhicule;;VL seul,VL seul,VL seul,VL seul;;Métropole
201500025009;2015-09-16T09:25:00+02:00;Cesson-sevigne;15;09;16;09:25;Plein jour;Hors agglomération;Hors intersection;Normale;Trois véhicules et plus – en chaîne;35;051;35051;PORTE DE LA RIGOURDIERE;4811505;-156337;35510;;48.115148, -1.586233;40;mouillée;;A chaussées séparées;;99;157;0;;0;4;Route Nationale;500;Partie rectiligne;Plat;Bretelle d’échangeur ou de raccordement;Sur chaussée;1965,1979,1969,1983,1981,1972;Masculin,Masculin,Masculin,Féminin,Masculin,Masculin;Se déplaçant,Se déplaçant,Se déplaçant,Se déplaçant,Se déplaçant,Se déplaçant;Blessé,Blessé,Indemne,Blessé,Blessé,Blessé;Ceinture,Ceinture,Ceinture,Ceinture,Ceinture,Ceinture;Oui,Oui,Oui,Oui,Oui,Oui;;D01,C01,A01,B01;2,2,1,1,1,1;Passager,Passager,Conducteur,Conducteur,Conducteur,Conducteur;;Domicile – travail,Promenade – loisirs,Domicile – travail,Utilisation professionnelle,Promenade – loisirs,Autre;Arrière,Avant,Arrière;Même sens,Même sens,Même sens;;Véhicule,Véhicule,Véhicule;;VL seul,VL seul,VL seul,VL seul;;Métropole
201500025014;2015-09-18T16:40:00+02:00;Rennes;15;09;18;16:40;Plein jour;Hors agglomération;Hors intersection;Normale;Deux véhicules – par l’arrière;35;238;35238;PORTE DE LORIENT;4811065;-171834;35000;;48.108962, -1.705868;14;normale;;A chaussées séparées;;00;136;0;;0;3;Route Nationale;600;Partie rectiligne;Pente;Bretelle d’échangeur ou de raccordement;Sur chaussée;1955,1956,1981;Masculin,Féminin,Masculin;Se déplaçant,Se déplaçant,Se déplaçant;Indemne,Blessé,Indemne;Ceinture,Ceinture,Ceinture;Oui,Oui,Oui;;B01,A01;1,2,1;Conducteur,Passager,Conducteur;;Promenade – loisirs,Promenade – loisirs,Utilisation professionnelle;Arrière,Avant;Arrêté (hors stationnement),Changeant de file A droite;;Véhicule,Véhicule;;VL seul,Tracteur routier + semi-remorque;;Métropole
201500025040;2015-10-09T08:05:00+02:00;Rennes;15;10;09;08:05;Plein jour;En agglomération;Giratoire;Normale;Deux véhicules – par l’arrière;35;238;35238;00, CANADA (AVENUE DU);4808942;-168243;35000;00;48.086391, -1.682214;;normale;;Bidirectionnelle;Banque cyclable;03;0;0;;0;2;Voie Communale;;;Plat;;Sur chaussée;1966,1963;Féminin,Féminin;Se déplaçant,Se déplaçant;Blessé,Indemne;Autre,Ceinture;Non déterminable,Oui;;A01,B01;1,1;Conducteur,Conducteur;;Domicile – travail,Domicile – école;Arrière,Avant;Sans changement de direction,Sans changement de direction;;Véhicule,Véhicule;;VL seul,Bicyclette;;Métropole
201500025049;2015-10-16T17:10:00+02:00;Rennes;15;10;16;17:10;Plein jour;En agglomération;Intersection en T;Normale;Deux véhicules – par le coté;35;238;35238;00, LIBERTE (BD DE LA);4810753;-167343;35000;00;48.10768, -1.679482;;normale;;Bidirectionnelle;Voie réservée;99;0;0;;0;3;Voie Communale;;Partie rectiligne;Plat;Carrefour aménagé;Sur chaussée;1980,1966;Masculin,Masculin;Se déplaçant,Se déplaçant;Blessé,Indemne;Casque,Ceinture;Oui,Oui;;B01,A01;1,1;Conducteur,Conducteur;;Promenade – loisirs,Promenade – loisirs;Côté gauche,Avant gauche;Sans changement de direction,Tournant A gauche;;Véhicule,Véhicule;;Cyclomoteur <50cm3,VL seul;;Métropole
201500025070;2015-10-30T19:30:00+01:00;Rennes;15;10;30;19:30;Nuit avec éclairage public allumé;En agglomération;Hors intersection;Normale;Trois véhicules et plus – en chaîne;35;238;35238;00, GROS MALHON (AVENUE);4812757;-168319;35000;00;48.124757, -1.682316;;normale;;Bidirectionnelle;;99;0;0;;0;2;Voie Communale;;Partie rectiligne;Plat;;Sur chaussée;1964,1971,1969,1989;Masculin,Masculin,Masculin,Féminin;Se déplaçant,Se déplaçant,Se déplaçant,Se déplaçant;Indemne,Indemne,Indemne,Blessé;Ceinture,Ceinture,Ceinture,Ceinture;Oui,Oui,Oui,Oui;;A01,C01,D01,B01;1,1,1,1;Conducteur,Conducteur,Conducteur,Conducteur;;Domicile – travail,Domicile – travail,Domicile – travail,Domicile – travail;Avant,Arrière,Arrière,Arrière;Même sens,Même sens,Même sens,Même sens;;Véhicule,Véhicule,Véhicule,Véhicule;;VL seul,VL seul,VL seul,VL seul;;Métropole
201500025114;2015-11-18T13:15:00+01:00;Rennes;15;11;18;13:15;Plein jour;En agglomération;Hors intersection;Normale;Autre collision;35;238;35238;00, PECKER (PROF.JEAN);4812564;-169299;35000;00;48.125074, -1.693457;;normale;;;;00;0;0;;0;2;Voie Communale;;Partie rectiligne;Plat;;Sur chaussée;1995,1991;Masculin,Masculin;Se déplaçant,Se déplaçant;Indemne,Blessé;Ceinture,Casque;Oui,Oui;;B01,A01;1,1;Conducteur,Conducteur;;;Avant,Avant;Sans changement de direction,Tournant A gauche;;Véhicule,Véhicule;;Motocyclette > 125 cm3,VL seul;;Métropole
201500025139;2015-12-07T08:45:00+01:00;Rennes;15;12;07;08:45;Plein jour;En agglomération;Giratoire;Normale;Deux véhicules – par le coté;35;238;35238;00, LYAUTEY (MARECHAL);4811605;-169186;35000;00;48.116545, -1.692459;;mouillée;;Bidirectionnelle;;99;0;0;;0;2;Voie Communale;;Partie rectiligne;Pente;;Sur chaussée;1978,1978;Masculin,Masculin;Se déplaçant,Se déplaçant;Indemne,Blessé;Ceinture,Casque;Oui,Non;;A01,B01;1,1;Conducteur,Conducteur;;Domicile – travail;Avant;A contresens,Sans changement de direction;;Véhicule,Véhicule;;VL seul,Bicyclette;;Métropole
201500025143;2015-12-09T08:30:00+01:00;Rennes;15;12;09;08:30;Plein jour;En agglomération;Intersection en T;Normale;Autre collision;35;238;35238;00, SAINT-CONWOION (BD);4810322;-168859;35000;00;48.104801, -1.688377;;normale;;Bidirectionnelle;Piste cyclable;99;0;0;;0;2;Voie Communale;;Partie rectiligne;Plat;;Sur chaussée;1995,1972;Masculin,Masculin;Traversant,Se déplaçant;Blessé,Indemne;Ceinture;Oui;Sur passage piéton - Sans signalisation lumineuse;A01;1;Piéton,Conducteur;Seul;Domicile – travail;Avant;Sans changement de direction;;Piéton;;VL seul;;Métropole
201500025146;2015-11-25T18:45:00+01:00;Rennes;15;11;25;18:45;Nuit sans éclairage public;Hors agglomération;Hors intersection;Pluie légère;Deux véhicules – par l’arrière;35;238;35238;00, PORTE DE BREST;4812728;-171231;35000;00;48.112771, -1.692938;63;mouillée;;A sens unique;;00;12;0;;0;0;Route Nationale;0;En courbe à droite;Pente;Bretelle d’échangeur ou de raccordement;Sur chaussée;1994,1956,1953;Masculin,Féminin,Masculin;Se déplaçant,Se déplaçant,Se déplaçant;Indemne,Blessé,Indemne;Ceinture,Ceinture,Ceinture;Oui,Oui,Oui;;B01,A01;1,2,1;Conducteur,Passager,Conducteur;;;Arrière,Avant;Même sens,Même sens;;Véhicule,Véhicule;;VL seul,VL seul;;Métropole
201500025174;2015-12-26T12:55:00+01:00;Rennes;15;12;26;12:55;Plein jour;En agglomération;Autre intersection;Normale;Deux véhicules – par le coté;35;238;35238;00, BREST (DE);4811169;-169116;35000;00;48.112771, -1.692938;;normale;;A sens unique;;03;0;0;;0;1;Voie Communale;;En courbe à droite;Plat;;Sur chaussée;2004,1991,1970;Féminin,Masculin,Masculin;Se déplaçant,Se déplaçant,Se déplaçant;Blessé,Indemne,Blessé;Casque,Ceinture,Casque;Oui,Oui,Oui;;B01,A01;2,1,1;Passager,Conducteur,Conducteur;;Autre,Autre;Avant gauche,Avant droit;Sans changement de direction,Tournant A droite;;Véhicule,Véhicule;;Scooter > 125 cm3,VL seul;;Métropole
201500024748;2015-01-19T12:00:00+01:00;Cesson-sevigne;15;01;19;12:00;Plein jour;En agglomération;Autre intersection;Normale;Autre collision;35;051;35051;00, RIGOURDIERE (RUE DE;4811429;-158971;35510;00;48.115148, -1.586233;;normale;;;;00;0;0;;0;0;Voie Communale;;Partie rectiligne;Plat;;Sur chaussée;1950,1974;Féminin,Féminin;Autre,Se déplaçant;Blessé,Indemne;Autre,Ceinture;Non déterminable,Non déterminable;;A01;1;Piéton,Conducteur;Seul;;;;;Piéton;;VL seul;;Métropole
201500025011;2015-09-16T17:50:00+02:00;Rennes;15;09;16;17:50;Plein jour;En agglomération;Hors intersection;Normale;Sans collision;35;238;35238;15, PREVALAYE (QUAI DE L;4810897;-168683;35000;15;48.108491, -1.688281;;normale;;A sens unique;Piste cyclable;99;0;0;;0;1;Voie Communale;;Partie rectiligne;Plat;;Sur chaussée;1993;Féminin;Se déplaçant;Blessé;Ceinture;Oui;;A01;1;Conducteur;;Promenade – loisirs;Chocs multiples (tonneaux);Sans changement de direction;;Véhicule;;VL seul;;Métropole
201500025024;2015-09-24T06:24:00+02:00;Rennes;15;09;24;06:24;Nuit sans éclairage public;Hors agglomération;Hors intersection;Normale;Autre collision;35;238;35238;RN136;4810373;-171634;35000;136;48.111214, -1.696433;13;mouillée;;A chaussées séparées;Voie réservée;99;136;0;;0;3;Route Nationale;776;Partie rectiligne;Plat;Bretelle d’échangeur ou de raccordement;Sur chaussée;1957,1962;Féminin,Féminin;Se déplaçant,Autre;Indemne,Blessé;Ceinture;Oui;Sur chaussée - A + 50 m du passage piéton;A01;1;Conducteur,Piéton;Seul;Domicile – travail;Côté droit;Manœuvre d’évitement;;Piéton;Véhicule en stationnement;VL seul;;Métropole
201500025042;2015-10-09T20:50:00+02:00;Cesson-sevigne;15;10;09;20:50;Nuit avec éclairage public allumé;En agglomération;Hors intersection;Normale;Autre collision;35;051;35051;00, FONTAINE (AVENUE DE;4811105;-160858;35510;00;48.12703, -1.620653;;normale;;Bidirectionnelle;Banque cyclable;99;0;0;;0;2;Voie Communale;;Partie rectiligne;Plat;;Sur chaussée;1995;Masculin;Se déplaçant;Blessé;Ceinture;Oui;;A01;1;Conducteur;;Autre;Avant;Sans changement de direction;;;Bordure de trottoir;VL seul;;Métropole
201500025043;2015-10-09T22:30:00+02:00;Rennes;15;10;09;22:30;Nuit avec éclairage public allumé;En agglomération;Intersection en X;Normale;Deux véhicules – par le coté;35;238;35238;26, COMBES (BD EMILE);4809344;-166883;35000;26;48.093362, -1.668451;;normale;;Bidirectionnelle;;99;0;0;;0;3;Voie Communale;;Partie rectiligne;Plat;;Sur chaussée;1983,1996;Masculin,Masculin;Se déplaçant,Se déplaçant;Indemne,Blessé;Ceinture,Casque;Oui,Oui;;B01,A01;1,1;Conducteur,Conducteur;;Promenade – loisirs,Promenade – loisirs;Avant,Avant droit;Sans changement de direction,Tournant A gauche;;Véhicule,Véhicule;;Cyclomoteur <50cm3,VL seul;;Métropole
201500025051;2015-10-16T22:05:00+02:00;Rennes;15;10;16;22:05;Nuit avec éclairage public allumé;En agglomération;Intersection en X;Normale;Autre collision;35;238;35238;25, SAINT-HELIER;4810696;-167055;35000;25;48.106969, -1.67048;;normale;;Bidirectionnelle;Banque cyclable;99;0;0;;0;2;Voie Communale;;Partie rectiligne;Plat;Carrefour aménagé;Sur chaussée;1991,1967,1999,1973;Masculin,Masculin,Masculin,Féminin;Se déplaçant,Se déplaçant,Se déplaçant,Se déplaçant;Blessé,Indemne,Indemne,Indemne;Casque,Ceinture,Casque,Ceinture;Oui,Oui,Oui,Oui;;B01,A01;1,2,2,1;Conducteur,Passager,Passager,Conducteur;;Promenade – loisirs,Autre,Promenade – loisirs;Avant,Avant;Sans changement de direction,En faisant demi-tour sur la chaussée;;Véhicule,Véhicule;;Cyclomoteur <50cm3,VL seul;;Métropole
201500024797;2015-04-09T18:30:00+02:00;Saint-jacques-de-la-lande;15;04;09;18:30;Plein jour;En agglomération;Hors intersection;Normale;Deux véhicules – par le coté;35;281;35281;76, HAIE-DES-COGNETS (BO;4807786;-174177;35136;76;48.078955, -1.73975;2;normale;;Bidirectionnelle;;99;434;0;;0;2;Route Départementale;303;Partie rectiligne;Plat;;Sur chaussée;1989,1988,2014;Féminin,Masculin,Féminin;Se déplaçant,Se déplaçant,Se déplaçant;Blessé,Indemne,Blessé;Ceinture,Ceinture,Dispositif enfants;Oui,Oui,Oui;;B01,A01;1,1,3;Conducteur,Conducteur,Passager;;Domicile – travail;Côté gauche,Avant;Sans changement de direction,Sans changement de direction;;Véhicule,Véhicule;Mobilier urbain;VL seul,VL seul;;Métropole
201500024889;2015-06-16T15:50:00+02:00;Rennes;15;06;16;15:50;Plein jour;En agglomération;Hors intersection;Normale;Deux véhicules - frontale;35;238;35238;00, FOSSE PITEUX (LIEU-D;4810621;-171600;35000;00;48.100998, -1.722935;;autre;;;;99;0;0;;0;0;Voie Communale;;;Plat;;;1980,1953;Masculin,Masculin;Se déplaçant,Se déplaçant;Indemne,Blessé;Casque,Casque;Oui,Oui;;B01,A01;1,1;Conducteur,Conducteur;;Courses – achats,Promenade – loisirs;Avant,Avant;Sans changement de direction,Sans changement de direction;;Véhicule,Véhicule;;Bicyclette,Cyclomoteur <50cm3;;Métropole
201500024929;2015-07-10T15:00:00+02:00;Rennes;15;07;10;15:00;Plein jour;Hors agglomération;Hors intersection;Normale;Sans collision;35;238;35238;RN136;4809642;-171215;35000;136;48.111214, -1.696433;12;normale;;A chaussées séparées;;99;136;0;;0;6;Route Nationale;900;Partie rectiligne;Plat;;Sur chaussée;1990;Masculin;Se déplaçant;Blessé;Casque;Oui;;A01;1;Conducteur;;Promenade – loisirs;Avant;Même sens;;Véhicule;;Motocyclette > 125 cm3;;Métropole
201500024955;2015-07-28T19:10:00+02:00;Rennes;15;07;28;19:10;Plein jour;En agglomération;Giratoire;Normale;Deux véhicules – par le coté;35;238;35238;00, VALLES (JULES);4810531;-170810;35000;00;48.104631, -1.709261;;normale;;A sens unique;Banque cyclable;99;0;0;;0;2;Voie Communale;;En courbe à gauche;Plat;Carrefour aménagé;Sur chaussée;1959;Féminin;Se déplaçant;Blessé;Autre;Non déterminable;;A01,B01;1;Conducteur;;Autre;Avant,Côté droit;Sans changement de direction;PK ou PR ou numéro d’adresse postale croissant;Véhicule,Véhicule;;VL seul,Bicyclette;;Métropole
201500024974;2015-08-12T14:30:00+02:00;Rennes;15;08;12;14:30;Plein jour;En agglomération;Hors intersection;Normale;Deux véhicules – par l’arrière;35;238;35238;267, CHATEAUGIRON (DE);4809310;-163130;35000;267;48.093234, -1.631589;;normale;;Bidirectionnelle;Piste cyclable;99;0;0;;0;2;Voie Communale;;Partie rectiligne;Plat;;Sur chaussée;1992,1977;Masculin,Masculin;Se déplaçant,Se déplaçant;Indemne,Blessé;Ceinture,Ceinture;Oui,Oui;;B01,A01;1,1;Conducteur,Conducteur;;Autre,Autre;Arrière,Avant;Même sens,Même sens;;Véhicule,Véhicule;;VL seul,VL seul;;Métropole
201500024979;2015-05-20T12:00:00+02:00;Rennes;15;05;20;12:00;Plein jour;En agglomération;Hors intersection;Pluie légère;Deux véhicules - frontale;35;238;35238;PORTE DE NANTES;4807760;-167530;35000;;48.094819, -1.689784;43;mouillée;;A chaussées séparées;;99;137;0;;0;0;Route Nationale;0;Partie rectiligne;Plat;;Sur chaussée;1960,1925;Masculin,Masculin;Se déplaçant,Se déplaçant;Indemne,Blessé;Ceinture,Ceinture;Oui,Oui;;B01,A01;1,1;Conducteur,Conducteur;;Utilisation professionnelle,Promenade – loisirs;Avant droit,Avant;Manœuvre d’évitement,A contresens;;Véhicule,Véhicule;;VU seul 1,VL seul;;Métropole
201500024996;2015-08-27T19:45:00+02:00;Rennes;15;08;27;19:45;Plein jour;Hors agglomération;Hors intersection;Pluie légère;Deux véhicules - frontale;35;238;35238;00, VERN (DE);4808361;-164284;35000;00;48.099464, -1.692731;34;mouillée;;Bidirectionnelle;;99;163;0;;0;3;Route Départementale;150;Partie rectiligne;Plat;Pont - autopont;Sur chaussée;1989,1993;Masculin,Masculin;Se déplaçant,Se déplaçant;Blessé,Blessé;Ceinture,Ceinture;Oui,Oui;;A01,B01;1,1;Conducteur,Conducteur;;;Avant,Avant;Sans changement de direction,Sans changement de direction;;Véhicule,Véhicule;Glissière béton;VL seul,VL seul;;Métropole
201500025003;2015-09-07T13:00:00+02:00;Rennes;15;09;07;13:00;Plein jour;En agglomération;Hors intersection;Normale;Deux véhicules – par le coté;35;238;35238;71, BRIAND (AVENUE ARIST;4811009;-166371;35000;71;48.11035, -1.663751;;normale;;Bidirectionnelle;Voie réservée;99;0;0;;0;2;Voie Communale;;Partie rectiligne;Plat;;Sur chaussée;1995,1964;Masculin,Féminin;Se déplaçant,Se déplaçant;Blessé,Indemne;Autre,Ceinture;Non,Oui;;A01,B01;1,1;Conducteur,Conducteur;;Domicile – école,Utilisation professionnelle;Avant,Avant droit;En s’insérant,Sans changement de direction;;Véhicule,Véhicule;;Bicyclette,Autobus;1;Métropole
201500025163;2015-12-18T19:10:00+01:00;Rennes;15;12;18;19:10;Nuit avec éclairage public allumé;En agglomération;Hors intersection;Normale;Autre collision;35;238;35238;10, BERT (PAUL);4811066;-167045;35000;10;48.110618, -1.670689;;normale;;A sens unique;;99;0;0;;0;1;Voie Communale;;Partie rectiligne;Plat;;Sur chaussée;1958;Masculin;Se déplaçant;Blessé;Ceinture;Oui;;A01;1;Conducteur;;;Avant;Sans changement de direction;;;Véhicule en stationnement;VU seul 1;;Métropole
201500000840;2015-10-31T18:15:00+01:00;Romille;15;10;31;18:15;Nuit avec éclairage public allumé;En agglomération;Hors intersection;Normale;Deux véhicules – par le coté;35;245;35245;RUE DE GALERNE;4821857;-189307;35850;;48.2197, -1.893851;12;normale;;Bidirectionnelle;;99;68;58;;0;2;Route Départementale;40;Partie rectiligne;Plat;;Sur chaussée;1966,2000;Féminin,Masculin;Se déplaçant,Se déplaçant;Indemne,Blessé;Ceinture,Casque;Oui,Oui;;A01,B02;1,1;Conducteur,Conducteur;;Utilisation professionnelle,Promenade – loisirs;Avant,Avant gauche;Dépassant A gauche,Tournant A gauche;;Véhicule,Véhicule;;Scooter < 50 cm3,VL seul;;Métropole
201500000857;2015-11-01T12:30:00+01:00;Mordelles;15;11;01;12:30;Plein jour;En agglomération;Intersection en X;Normale;Deux véhicules – par le coté;35;196;35196;Crfour Pompidou fontenel;4807840;-184384;35310;;48.076991, -1.844331;;normale;;Bidirectionnelle;;99;0;59;;0;2;Voie Communale;;Partie rectiligne;Plat;Carrefour aménagé;Sur chaussée;1931,1956;Masculin,Féminin;Se déplaçant,Se déplaçant;Indemne,Blessé;Ceinture,Equipement réfléchissant;Oui,Oui;;A01,B02;1,1;Conducteur,Conducteur;;Promenade – loisirs,Courses – achats;Avant,Arrière droit;Tournant A droite,Sans changement de direction;;Véhicule,Véhicule;;VL seul,Bicyclette;;Métropole
201500015495;2015-11-13T01:45:00+01:00;;15;11;13;01:45;Nuit avec éclairage public allumé;En agglomération;Hors intersection;Normale;Autre collision;13;055;13055;00, CAMILLE PELLETAN (AV;4330334;0537389;;00;48.097111, -1.651398;;normale;;Bidirectionnelle;;99;0;25;;5;1;Voie Communale;;Partie rectiligne;Plat;;Sur chaussée;1979;Masculin;Autre;Blessé;;;Sur chaussée - A – 50 m du passage piéton;A01;;Piéton;Seul;;Arrière;En marche arrière;PK ou PR ou numéro d’adresse postale croissant;Piéton;;VL seul;;Métropole
201500019074;2015-06-20T14:15:00+02:00;Betton;15;06;20;14:15;Plein jour;Hors agglomération;Hors intersection;Normale;Deux véhicules - frontale;35;024;35024;rue Gabares;4818900;-164400;35830;;48.193673, -1.626868;;normale;;Bidirectionnelle;;99;0;0;;57;0;Voie Communale;;Partie rectiligne;Sommet de côte;;Sur chaussée;1965,1996;Féminin,Masculin;Se déplaçant,Se déplaçant;Indemne,Blessé;Ceinture,Casque;Oui,Oui;;A01,B02;1,1;Conducteur,Conducteur;;Utilisation professionnelle,Promenade – loisirs;Avant,Avant;A contresens,Sans changement de direction;;Véhicule,Véhicule;;Cyclomoteur <50cm3,Autobus;;Métropole
201500024873;2015-03-20T17:25:00+01:00;Rennes;15;03;20;17:25;Plein jour;En agglomération;Giratoire;Pluie légère;Trois véhicules et plus – en chaîne;35;238;35238;PORTE D'ALMA;4808120;-167506;35000;;48.098565, -1.675594;43;mouillée;;A chaussées séparées;;99;137;0;;0;2;Route Nationale;380;En courbe à droite;Plat;Carrefour aménagé;Sur chaussée;1982,1990,1988;Féminin,Féminin,Féminin;Se déplaçant,Se déplaçant,Se déplaçant;Blessé,Blessé,Indemne;Ceinture,Ceinture,Ceinture;Oui,Oui,Oui;;B01,C01,A01;1,1,1;Conducteur,Conducteur,Conducteur;;Promenade – loisirs,Domicile – travail,Promenade – loisirs;Arrière,Arrière gauche,Avant;Arrêté (hors stationnement),Arrêté (hors stationnement),Même sens;;Véhicule,Véhicule,Véhicule;;VL seul,VL seul,VL seul;;Métropole
201500024874;2015-06-12T09:00:00+02:00;Rennes;15;06;12;09:00;Plein jour;En agglomération;Hors intersection;Normale;Sans collision;35;238;35238;00, BOSPHORE (DU);4808369;-167688;35000;00;48.082893, -1.678413;;mouillée;;A sens unique;;00;0;0;;0;2;Voie Communale;;En courbe à gauche;Plat;;Sur chaussée;1992;Féminin;Se déplaçant;Blessé;Ceinture;Oui;;A01;1;Conducteur;;Domicile – travail;Avant;Sans changement de direction;;;Autre obstacle fixe sur trottoir ou accotement;VL seul;;Métropole
201500024882;2015-06-13T10:45:00+02:00;Rennes;15;06;13;10:45;Plein jour;Hors agglomération;Hors intersection;Normale;Trois véhicules et plus – en chaîne;35;238;35238;RN136;4814136;-167858;35000;136;48.111214, -1.696433;20;normale;;A chaussées séparées;;99;136;0;;0;2;Route Nationale;0;Partie rectiligne;Plat;;Sur chaussée;1988,1981,1982,1972;Féminin,Masculin,Masculin,Masculin;Se déplaçant,Se déplaçant,Se déplaçant,Se déplaçant;Blessé,Indemne,Indemne,Indemne;Ceinture,Ceinture,Ceinture,Ceinture;Oui,Oui,Oui,Oui;;C01,A01,B01;2,1,1,1;Passager,Conducteur,Conducteur,Conducteur;;Promenade – loisirs,Promenade – loisirs,Promenade – loisirs,Promenade – loisirs;Arrière gauche,Avant,Avant gauche;Même sens,Même sens,Même sens;;Véhicule,Véhicule,Véhicule;Glissière métallique;VL seul,VL seul,VL seul;;Métropole
201500024890;2015-06-16T16:30:00+02:00;Rennes;15;06;16;16:30;Plein jour;En agglomération;Hors intersection;Normale;Autre collision;35;238;35238;33, ANTRAIN (D') DE 0 A;4811621;-167874;35000;33;48.1175, -1.677506;;normale;;Bidirectionnelle;;99;4;0;;0;2;Voie Communale;;Partie rectiligne;Plat;;Sur chaussée;1987,2000;Masculin,Masculin;Se déplaçant,Jouant – courant;Indemne,Blessé;Casque;Oui;Sur chaussée - A + 50 m du passage piéton;A01;1;Conducteur,Piéton;Seul;Domicile – travail,Domicile – école;Avant;Manœuvre d’évitement;;Piéton;;Motocyclette > 125 cm3;;Métropole
201500024931;2015-07-10T18:45:00+02:00;Chantepie;15;07;10;18:45;Plein jour;En agglomération;Intersection en T;Normale;Trois véhicules et plus - collisions multiples;35;055;35055;113, MOZART (RUE DE);4808694;-160910;35135;113;48.086657, -1.609575;;normale;;Bidirectionnelle;;00;86;0;;0;2;Route Départementale;;Partie rectiligne;Plat;;Sur chaussée;1991,1962,1986;Masculin,Féminin,Féminin;Se déplaçant,Se déplaçant,Se déplaçant;Blessé,Indemne,Indemne;Ceinture,Ceinture,Ceinture;Oui,Oui,Oui;;C01,B01,A01;1,1,1;Conducteur,Conducteur,Conducteur;;Autre,Promenade – loisirs,Promenade – loisirs;Arrière,Arrière,Avant;Arrêté (hors stationnement),Arrêté (hors stationnement),Même sens;;Véhicule,Véhicule,Véhicule;;VL seul,VL seul,VL seul;;Métropole
201500024985;2015-08-21T18:25:00+02:00;Rennes;15;08;21;18:25;Plein jour;Hors agglomération;Hors intersection;Normale;Autre collision;35;238;35238;PORTE DE VILLEJEAN;4812446;-171492;35000;;48.12177, -1.70417;;normale;;A chaussées séparées;;99;;0;;0;1;Voie Communale;;En courbe à droite;Pente;Bretelle d’échangeur ou de raccordement;Sur chaussée;1994;Masculin;Se déplaçant;Blessé;Ceinture;Oui;;A01;1;Conducteur;;;;;;;;VL seul;;Métropole
201500024989;2015-08-24T07:45:00+02:00;Rennes;15;08;24;07:45;Plein jour;En agglomération;Intersection en X;Pluie forte;Autre collision;35;238;35238;ECHANGE (D');4811525;-168445;35000;;48.115248, -1.684455;;mouillée;;A sens unique;;00;0;0;;0;0;Voie Communale;;Partie rectiligne;Plat;;;1967;Masculin;Se déplaçant;Blessé;Ceinture;Oui;;A01;1;Conducteur;;;;;;;Véhicule en stationnement;VL seul;;Métropole
201500025023;2015-09-23T15:50:00+02:00;Rennes;15;09;23;15:50;Plein jour;En agglomération;Hors intersection;Normale;Autre collision;35;238;35238;00, BOSPHORE (DU);4808233;-167691;35000;00;48.082893, -1.678413;;normale;;;;99;;0;;0;0;Parc de stationnement ouvert à la circulation publique;;Partie rectiligne;Plat;;Sur chaussée;1937,1932,1936;Féminin,Masculin,Féminin;Se déplaçant,Se déplaçant,Se déplaçant;Blessé,Blessé,Blessé;Ceinture,Ceinture,Ceinture;Oui,Oui,Oui;;A01;2,3,1;Passager,Passager,Conducteur;;Courses – achats,Courses – achats,Courses – achats;Avant;Sans changement de direction;;;Autre obstacle fixe sur trottoir ou accotement;VL seul;;Métropole
201500025030;2015-10-02T00:10:00+02:00;Rennes;15;10;02;00:10;Nuit avec éclairage public non allumé;En agglomération;Intersection en T;Normale;Sans collision;35;238;35238;00, MARBEUF (BLD);4811011;-170525;35000;00;48.111089, -1.704074;;normale;;Bidirectionnelle;;99;0;0;;0;2;Voie Communale;;Partie rectiligne;Plat;;Sur chaussée;1991;Masculin;Se déplaçant;Blessé;Casque;Oui;;A01;1;Conducteur;;;Côté gauche;Sans changement de direction;;;Sortie de chaussée sans obstacle;Motocyclette > 125 cm3;;Métropole
201500025046;2015-10-15T07:50:00+02:00;Rennes;15;10;15;07:50;Nuit avec éclairage public non allumé;En agglomération;Intersection en X;Normale;Deux véhicules – par le coté;35;238;35238;00, BRIAND (AVENUE ARIST;4811008;-165983;35000;00;48.11034, -1.662746;;normale;;A chaussées séparées;Voie réservée;99;0;0;;0;0;Voie Communale;;Partie rectiligne;Plat;;Sur chaussée;1992,1991;Masculin,Masculin;Se déplaçant,Se déplaçant;Indemne,Blessé;Ceinture,Ceinture;Oui,Oui;;A01,B01;1,1;Conducteur,Conducteur;;Utilisation professionnelle;Avant droit,Côté gauche;Sans changement de direction,Tournant A gauche;;Véhicule,Véhicule;;VU seul 1,VL seul;;Métropole
201500025060;2015-10-25T13:10:00+01:00;Rennes;15;10;25;13:10;Plein jour;Hors agglomération;Hors intersection;Normale;Trois véhicules et plus – en chaîne;35;238;35238;RN136;4814144;-164174;35000;136;48.111214, -1.696433;22;normale;;A chaussées séparées;;99;136;0;;0;0;Route Nationale;600;Partie rectiligne;Plat;;Sur chaussée;1955,1979,2012,1958;Féminin,Féminin,Masculin,Féminin;Se déplaçant,Se déplaçant,Se déplaçant,Se déplaçant;Indemne,Indemne,Blessé,Indemne;Ceinture,Ceinture,Dispositif enfants,Ceinture;Oui,Oui,Oui,Oui;;C01,B01,A01;1,1,2,1;Conducteur,Conducteur,Passager,Conducteur;;Promenade – loisirs,Promenade – loisirs,Promenade – loisirs,Autre;Arrière,Arrière,Avant;Même sens,Même sens,Même sens;;Véhicule,Véhicule,Véhicule;;VL seul,VL seul,VL seul;;Métropole
201500025093;2015-11-04T15:35:00+01:00;Rennes;15;11;04;15:35;Plein jour;Hors agglomération;Hors intersection;Normale;Deux véhicules – par l’arrière;35;238;35238;00, FREVILLE (AVENUE HEN;4808652;-167506;35000;00;48.109755, -1.648118;;normale;;A sens unique;Banque cyclable;00;0;0;;0;0;Voie Communale;;Partie rectiligne;Plat;;Sur chaussée;1981;Masculin;Se déplaçant;Blessé;Autre;Non déterminable;;B01,A01;1;Conducteur;;Promenade – loisirs;;Sans changement de direction;PK ou PR ou numéro d’adresse postale croissant;Autre,Véhicule;;VL seul,Autre véhicule;;Métropole
201500025098;2015-11-12T17:40:00+01:00;Rennes;15;11;12;17:40;Nuit avec éclairage public allumé;En agglomération;Intersection en X;Normale;Deux véhicules – par le coté;35;238;35238;00, CHATEAUDUN (DE);4811027;-166562;35000;00;48.111442, -1.666081;;normale;;A sens unique;Banque cyclable;99;0;0;;0;0;Voie Communale;;Partie rectiligne;Plat;;Sur chaussée;1976,1957;Masculin,Masculin;Se déplaçant,Se déplaçant;Indemne,Blessé;Ceinture,Casque;Oui,Non déterminable;;B01,A01;1,1;Conducteur,Conducteur;;Utilisation professionnelle;Avant,Avant gauche;Tournant A droite;;Véhicule,Véhicule;;Bicyclette,PL seul > 7;;Métropole
201500025136;2015-12-05T15:45:00+01:00;Rennes;15;12;05;15:45;Plein jour;En agglomération;Intersection en X;Temps couvert;Autre collision;35;238;35238;26, NEMOURS ( DE);4810753;-168028;35000;26;48.107744, -1.680244;;normale;;Bidirectionnelle;;99;0;0;;0;4;Voie Communale;;Partie rectiligne;Plat;;Sur chaussée;1994;Masculin;Autre;Blessé;;;;A01;;Piéton;Seul;;Avant;;PK ou PR ou numéro d’adresse postale croissant;Piéton;;VL seul;;Métropole
201500024729;2015-01-08T14:30:00+01:00;Rennes;15;01;08;14:30;Plein jour;En agglomération;Intersection à plus de 4 branches;Normale;Deux véhicules – par le coté;35;238;35238;CARREFOUR NITSCH;4810180;-168441;35000;;48.10189, -1.683568;;mouillée;;Bidirectionnelle;Banque cyclable;99;;0;;0;2;Voie Communale;;Partie rectiligne;Plat;Carrefour aménagé;Sur chaussée;1993,1973;Féminin,Féminin;Se déplaçant,Se déplaçant;Indemne,Blessé;Ceinture,Casque;Oui,Oui;;A01,B01;1,1;Conducteur,Conducteur;;Promenade – loisirs,Promenade – loisirs;Avant,Avant;Tournant A gauche,Sans changement de direction;;Véhicule,Véhicule;;VL seul,Scooter < 50 cm3;;Métropole
201500024730;2015-02-20T23:00:00+01:00;Rennes;15;02;20;23:00;Nuit avec éclairage public allumé;En agglomération;Hors intersection;Normale;Autre collision;35;238;35238;301, FOUGERES (ROUTE DE);4812975;-164263;35000;301;48.129781, -1.642645;;mouillée;;Bidirectionnelle;;99;0;0;;0;2;Voie Communale;;Partie rectiligne;Plat;;Sur chaussée;1985;Masculin;Se déplaçant;Blessé;Ceinture;Non déterminable;;A01;1;Conducteur;;Promenade – loisirs;Avant;Sans changement de direction;;;Ilot;VL seul;;Métropole
201500024749;2015-01-20T10:40:00+01:00;Saint-gregoire;15;01;20;10:40;Plein jour;Hors agglomération;Hors intersection;Autre;Deux véhicules – par l’arrière;35;278;35278;20.400, R.N. 136;4814152;-167141;35760;20;48.134654, -1.692301;20;verglacée;;A chaussées séparées;;99;136;0;;0;2;Route Nationale;400;Partie rectiligne;Plat;;Sur chaussée;1962,1967;Masculin,Masculin;Se déplaçant,Se déplaçant;Blessé,Blessé;Casque,Casque;Oui,Oui;;A01,B01;1,1;Conducteur,Conducteur;;Utilisation professionnelle,Utilisation professionnelle;Côté gauche,Arrière;Même sens,Même sens;;Véhicule,Véhicule;;Motocyclette > 125 cm3,Motocyclette > 125 cm3;;Métropole
201500024731;2015-01-12T12:37:00+01:00;Rennes;15;01;12;12:37;Plein jour;En agglomération;Hors intersection;Normale;Deux véhicules – par l’arrière;35;238;35238;2 AV W.CHURCHILL;4811760;-170796;35000;2;48.117464, -1.70791;;mouillée;;A chaussées séparées;Banque cyclable;03;;0;;0;2;Voie Communale;;Partie rectiligne;Plat;;Sur chaussée;1988,1987;Féminin,Féminin;Se déplaçant,Se déplaçant;Indemne,Blessé;Ceinture,Casque;Oui,Oui;;B01,A01;1,1;Conducteur,Conducteur;;Promenade – loisirs,Domicile – travail;Arrière,Avant droit;Arrêté (hors stationnement),Même sens;;Véhicule,Véhicule;;VL seul,Scooter < 50 cm3;;Métropole
201500024743;2015-01-17T13:25:00+01:00;Rennes;15;01;17;13:25;Plein jour;En agglomération;Intersection en X;Normale;Deux véhicules – par le coté;35;238;35238;POULLAIN DUPARC/NEMOURS;4810860;-168015;35000;;48.108597, -1.681641;;mouillée;;Bidirectionnelle;Voie réservée;99;;0;;0;2;Voie Communale;;Partie rectiligne;Sommet de côte;;Sur chaussée;1974,1945;Masculin,Féminin;Se déplaçant,Se déplaçant;Blessé,Indemne;Casque,Ceinture;Non,Oui;;A01,B01;1,1;Conducteur,Conducteur;;Domicile – travail,Promenade – loisirs;Avant,Avant droit;Sans changement de direction,Arrêté (hors stationnement);;Véhicule,Véhicule;;Bicyclette,VL seul;;Métropole
201500024756;2015-01-28T08:15:00+01:00;Rennes;15;01;28;08:15;Crépuscule ou aube;En agglomération;Intersection à plus de 4 branches;Pluie légère;Deux véhicules – par le coté;35;238;35238;LA T.AUVERGNE/THIERS;4810650;-168451;35000;;48.106496, -1.683307;;mouillée;;A sens unique;;03;;0;;0;1;Voie Communale;;Partie rectiligne;Plat;;Sur chaussée;1971,1980;Masculin,Féminin;Se déplaçant,Se déplaçant;Blessé,Indemne;Casque,Ceinture;Oui,Oui;;A01,B01;1,1;Conducteur,Conducteur;;Domicile – travail,Domicile – travail;Côté droit,Avant;Tournant A gauche,Sans changement de direction;;Véhicule,Véhicule;;VL seul,Motocyclette > 125 cm3;;Métropole
201500024775;2015-02-06T13:45:00+01:00;Rennes;15;02;06;13:45;Plein jour;En agglomération;Hors intersection;Normale;Deux véhicules – par le coté;35;238;35238;231, AVENUE LECLERC;4811390;-164501;35000;231;48.095961, -1.689522;;normale;;Bidirectionnelle;Banque cyclable;99;;0;;0;2;Voie Communale;;Partie rectiligne;Pente;;Sur chaussée;1975,1962;Masculin,Masculin;Se déplaçant,Se déplaçant;Indemne,Blessé;Ceinture,Ceinture;Oui,Oui;;A01,B01;1,1;Conducteur,Conducteur;;Utilisation professionnelle,Utilisation professionnelle;Avant gauche,Avant;Tournant A gauche,Dépassant A gauche;;Véhicule,Véhicule;;VU seul 1,VU seul 1;;Métropole
201500024789;2015-04-05T07:20:00+02:00;Rennes;15;04;05;07:20;Plein jour;En agglomération;Hors intersection;Normale;Sans collision;35;238;35238;00, LORIENT (DE);4810706;-172598;35000;00;48.108962, -1.705868;2;normale;;;;00;24;0;;0;0;Route Nationale;271;Partie rectiligne;Plat;;;1991;Masculin;Se déplaçant;Blessé;Ceinture;Oui;;A01;1;Conducteur;;;Avant;;;;Arbre;VL seul;;Métropole
201500025115;2015-11-27T19:00:00+01:00;Rennes;15;11;27;19:00;Nuit avec éclairage public allumé;En agglomération;Hors intersection;Pluie légère;Autre collision;35;238;35238;04, CHAMP JACQUET (PLACE;4811278;-168028;35000;04;48.113145, -1.68009;;mouillée;;Bidirectionnelle;;99;0;0;;0;2;Voie Communale;;Partie rectiligne;Sommet de côte;;Sur chaussée;1974,1930;Masculin,Féminin;Se déplaçant,Traversant;Indemne,Blessé;Ceinture;Oui;Sur passage piéton - Sans signalisation lumineuse;A01;1;Conducteur,Piéton;Seul;Autre;Arrière;Sans changement de direction;;Piéton;;VL seul;;Métropole
201500025157;2015-12-15T18:00:00+01:00;Rennes;15;12;15;18:00;Nuit avec éclairage public allumé;En agglomération;Intersection en X;Temps couvert;Autre collision;35;238;35238;00, TOUR D'AUVERGNE (BD;4810546;-168430;35000;00;48.104961, -1.684354;;mouillée;;A chaussées séparées;Banque cyclable;03;0;0;;0;4;Voie Communale;;Partie rectiligne;Plat;Carrefour aménagé;Sur chaussée;1964,1930;Féminin,Féminin;Traversant,Se déplaçant;Blessé,Indemne;Ceinture;Oui;Sur passage piéton - Avec signalisation lumineuse;A01;1;Piéton,Conducteur;Seul;Autre,Promenade – loisirs;Avant droit;Tournant A gauche;;Piéton;;VL seul;;Métropole
201500025171;2015-12-23T13:00:00+01:00;Rennes;15;12;23;13:00;Plein jour;En agglomération;Intersection en X;Normale;Deux véhicules - frontale;35;238;35238;00, TILLON (AVENUE CHARL;4812458;-170304;35000;00;48.125775, -1.697054;;normale;;Bidirectionnelle;Banque cyclable;99;0;0;;0;2;Voie Communale;;Partie rectiligne;Plat;;Sur chaussée;1992,1988,1993;Masculin,Masculin,Féminin;Se déplaçant,Se déplaçant,Se déplaçant;Indemne,Blessé,Blessé;Ceinture,Ceinture,Ceinture;Oui,Oui,Oui;;B01,A01;1,1,2;Conducteur,Conducteur,Passager;;Autre,Promenade – loisirs,Promenade – loisirs;Avant gauche,Avant droit;Sans changement de direction,Tournant A gauche;;Véhicule,Véhicule;;VL seul,VL seul;;Métropole
201500024832;2015-02-25T11:30:00+01:00;Rennes;15;02;25;11:30;Plein jour;En agglomération;Hors intersection;Normale;Autre collision;35;238;35238;1, CONTOUR DE LA MOTTE;4811260;-167528;35000;1;48.112488, -1.675369;;normale;;Bidirectionnelle;Banque cyclable;00;;0;;0;2;Voie Communale;;Partie rectiligne;Plat;;Sur chaussée;1960;Masculin;Se déplaçant;Blessé;Ceinture;Non;;A01;1;Conducteur;;Promenade – loisirs;Avant;Sans changement de direction;;;;VL seul;;Métropole
201500024842;2015-03-06T10:10:00+01:00;Cesson-sevigne;15;03;06;10:10;Plein jour;En agglomération;Giratoire;Normale;Autre collision;35;051;35051;00, FONTAINE (RUE DE LA);4811266;-160809;35510;00;48.109284, -1.60951;;normale;;A sens unique;;99;0;0;;0;2;Voie Communale;;En courbe à gauche;Plat;;Sur chaussée;1953;Masculin;Se déplaçant;Tué;Ceinture;Oui;;A01;1;Conducteur;;Promenade – loisirs;Avant;Sans changement de direction;;;Bordure de trottoir;VL seul;;Métropole
201500024867;2015-06-07T19:40:00+02:00;Rennes;15;06;07;19:40;Plein jour;En agglomération;Intersection en X;Normale;Deux véhicules – par le coté;35;238;35238;CHATEAUGIRON (DE);4809518;-163768;35000;;48.099655, -1.649027;;normale;;;;00;0;0;;0;0;Voie Communale;;Partie rectiligne;Plat;;;1979,1965;Masculin,Masculin;Se déplaçant,Se déplaçant;Indemne,Blessé;Ceinture,Autre;Oui,Non déterminable;;A01,B01;1,1;Conducteur,Conducteur;;Promenade – loisirs,Autre;Avant,Avant;Tournant A gauche,Sans changement de direction;;Véhicule,Véhicule;;VL seul,Bicyclette;;Métropole
201500024869;2015-06-08T08:55:00+02:00;Rennes;15;06;08;08:55;Plein jour;En agglomération;Hors intersection;Normale;Deux véhicules – par le coté;35;238;35238;BERNARD (CLAUDE);4810246;-169455;35000;;48.102437, -1.694264;;normale;;;;00;0;0;;0;0;Voie Communale;;Partie rectiligne;Plat;;;1992,1987;Féminin,Masculin;Se déplaçant,Se déplaçant;Indemne,Blessé;Ceinture,Casque;Oui,Oui;;A01,B01;1,1;Conducteur,Conducteur;;Domicile – école;Avant,Avant gauche;Dépassant A gauche,Tournant A gauche;;Véhicule,Véhicule;;Scooter < 50 cm3,VL seul;;Métropole
201500025054;2015-08-24T10:30:00+02:00;Cesson-sevigne;15;08;24;10:30;Plein jour;Hors agglomération;Giratoire;Normale;Autre collision;35;051;35051;BEAULIEU (PORTE DE);4810122;-160877;35510;;48.140179, -1.598291;3;normale;;A sens unique;;99;136;0;;0;2;Route Nationale;500;Partie rectiligne;Plat;Carrefour aménagé;Sur chaussée;1996,1971,1972;Masculin,Masculin,Féminin;Se déplaçant,Se déplaçant,Se déplaçant;Blessé,Indemne,Blessé;Ceinture,Ceinture,Ceinture;Oui,Oui,Oui;;A01;3,1,2;Passager,Conducteur,Passager;;Autre,Autre,Autre;Avant;Sans changement de direction;;;Glissière béton;VL seul;;Métropole
201500015100;2015-09-13T17:15:00+02:00;;15;09;13;17:15;Plein jour;En agglomération;Hors intersection;Normale;Deux véhicules – par l’arrière;13;055;13055;34, LESSEPS (RUE DE);4332045;0537328;;34;48.101626, -1.707559;;;;A sens unique;;00;4;90;C;0;3;Route Départementale;;Partie rectiligne;Plat;;Sur chaussée;1987,1986;Masculin,Masculin;Se déplaçant,Se déplaçant;Blessé,Indemne;Casque,Ceinture;Non déterminable,Non déterminable;;B01,A01;1,1;Conducteur,Conducteur;;Promenade – loisirs,Promenade – loisirs;Arrière droit,Avant;Tournant A droite,Sans changement de direction;;Véhicule,Véhicule;;VL seul,Scooter > 50 cm3 et <= 125 cm3;;Métropole
201500024858;2015-06-02T17:25:00+02:00;Rennes;15;06;02;17:25;Plein jour;En agglomération;Hors intersection;Normale;Autre collision;35;238;35238;00, LANGUEDOC (AVENUE DU;4811847;-171575;35000;00;48.116268, -1.706059;;normale;;Avec voies d’affectation variable;Piste cyclable;99;0;0;;0;2;Voie Communale;;Partie rectiligne;Plat;Bretelle d’échangeur ou de raccordement;Sur chaussée;1957,1986,1983;Masculin,Masculin,Masculin;Se déplaçant,Se déplaçant,Se déplaçant;Blessé,Indemne,Indemne;Casque,Ceinture,Ceinture;Oui,Oui,Oui;;B01,A01;1,1,2;Conducteur,Conducteur,Passager;;Domicile – travail,Domicile – travail,Domicile – travail;Côté droit,Côté gauche;Ouverture de porte,Dépassant A droite;;Véhicule,Véhicule;;VU seul 1,Motocyclette > 125 cm3;;Métropole
201500024880;2015-03-24T10:50:00+01:00;Rennes;15;03;24;10:50;Plein jour;En agglomération;Hors intersection;Temps couvert;Deux véhicules – par l’arrière;35;238;35238;15, RUE DE LA MOTTE BRÛL;4812620;-166904;35000;15;48.103826, -1.65341;;normale;;Bidirectionnelle;;03;;0;;0;2;Voie Communale;;Partie rectiligne;Plat;;Sur chaussée;1984,1993;Féminin,Masculin;Se déplaçant,Se déplaçant;Indemne,Blessé;Ceinture,Casque;Non déterminable,Oui;;A01,B01;1,1;Conducteur,Conducteur;;Domicile – travail;Arrière;Même sens,Même sens;;Véhicule,Véhicule;;Scooter < 50 cm3,VL seul;;Métropole
201500025036;2015-10-08T07:50:00+02:00;Rennes;15;10;08;07:50;Nuit avec éclairage public allumé;En agglomération;Intersection en T;Normale;Deux véhicules – par le coté;35;238;35238;00, ALMA (DE L');4810387;-167701;35000;00;48.098565, -1.675594;;normale;;A sens unique;;99;0;0;;0;2;Voie Communale;;Partie rectiligne;Plat;;Sur chaussée;1967,1957;Féminin,Féminin;Se déplaçant,Se déplaçant;Indemne,Blessé;Ceinture,Casque;Oui,Oui;;A01,B01;1,1;Conducteur,Conducteur;;Domicile – travail,Domicile – travail;Arrière droit,Avant;Tournant A droite,Sans changement de direction;;Véhicule,Véhicule;;VL seul,Bicyclette;;Métropole
201500025077;2015-11-03T17:10:00+01:00;Rennes;15;11;03;17:10;Plein jour;En agglomération;Hors intersection;Pluie légère;Autre collision;35;238;35238;22, ROPARTZ (GUY);4813076;-165671;35000;22;48.130757, -1.656279;;normale;;A chaussées séparées;;99;0;0;;0;2;Voie Communale;;Partie rectiligne;Sommet de côte;;Sur chaussée;1989,2004;Féminin,Masculin;Se déplaçant,Traversant;Indemne,Blessé;Ceinture;Oui;Sur chaussée - A + 50 m du passage piéton;A01;1;Conducteur,Piéton;Accompagné;Domicile – travail,Autre;Avant;Sans changement de direction;;Piéton;;VL seul;;Métropole
201500025103;2015-11-18T16:30:00+01:00;Rennes;15;11;18;16:30;Plein jour;En agglomération;Intersection en X;Temps éblouissant;Autre collision;35;238;35238;127, POMPIDOU ( BD GEORG;4810100;-168513;35000;127;48.098275, -1.688241;;normale;;A chaussées séparées;;00;0;0;;0;0;Voie Communale;;Partie rectiligne;Pente;;Sur chaussée;1993,1981;Féminin,Masculin;Traversant,Se déplaçant;Blessé,Indemne;Ceinture;Oui;Sur passage piéton - Sans signalisation lumineuse;A01;1;Piéton,Conducteur;Seul;Courses – achats;;;;Piéton;;VL seul;;Métropole
201500025113;2015-11-27T17:00:00+01:00;Rennes;15;11;27;17:00;Plein jour;En agglomération;Hors intersection;Pluie légère;Autre collision;35;238;35238;00, ROBERT (FERNAND);4813227;-170830;35000;00;48.13236, -1.709873;;mouillée;;Bidirectionnelle;;99;0;0;;0;2;Voie Communale;;Partie rectiligne;Plat;Pont - autopont;Sur chaussée;1971,1986;Féminin,Masculin;Se déplaçant,Se déplaçant;Indemne,Blessé;Ceinture,Casque;Oui,Oui;;B01,A01;1,1;Conducteur,Conducteur;;Autre,Autre;Côté droit,Côté gauche;Sans changement de direction,Ouverture de porte;;Véhicule;Véhicule en stationnement;Bicyclette,VL seul;;Métropole
201500025118;2015-11-28T17:00:00+01:00;Rennes;15;11;28;17:00;Plein jour;En agglomération;Intersection en Y;Normale;Deux véhicules – par le coté;35;238;35238;172, SAINT-MALO (RUE DE);4812129;-168294;35000;172;48.12157, -1.683058;;normale;;A sens unique;;99;0;0;;0;2;Voie Communale;;Partie rectiligne;Plat;;Sur chaussée;1987,1996;Féminin,Masculin;Se déplaçant,Se déplaçant;Blessé,Indemne;Casque,Ceinture;Non,Oui;;A01,B01;1,1;Conducteur,Conducteur;;Autre;Côté droit;Tournant A droite,Sans changement de direction;;Véhicule,Véhicule;;VL seul,Bicyclette;;Métropole
201500025045;2015-10-13T19:50:00+02:00;Rennes;15;10;13;19:50;Nuit avec éclairage public allumé;En agglomération;Giratoire;Normale;Autre collision;35;238;35238;00, CANADA (AVENUE DU);4808501;-168246;35000;00;48.086391, -1.682214;;normale;;A chaussées séparées;Piste cyclable;99;0;0;;0;2;Voie Communale;;Partie rectiligne;Plat;;Sur chaussée;1935;Masculin;Traversant;Blessé;;;Sur passage piéton - Sans signalisation lumineuse;A01;;Piéton;Seul;;Avant droit;Sans changement de direction;PK ou PR ou numéro d’adresse postale croissant;Piéton;;VL seul;;Métropole
201500025072;2015-11-01T20:00:00+01:00;Saint-jacques-de-la-lande;15;11;01;20:00;Nuit avec éclairage public allumé;En agglomération;Giratoire;Normale;Autre collision;35;281;35281;00, DODIN (AVENUE ROGER);4808670;-170752;35136;00;48.083155, -1.710248;24;;;;;00;177;0;;0;0;Route Départementale;0;;;;;1975;Masculin;Se déplaçant;Blessé;Ceinture;Oui;;A01;1;Conducteur;;Autre;Avant;Sans changement de direction;;;Poteau;VL seul;;Métropole
201500025074;2015-11-02T12:30:00+01:00;Saint-gregoire;15;11;02;12:30;Plein jour;En agglomération;Giratoire;Normale;Deux véhicules – par le coté;35;278;35278;00, ROBIQUETTE ( BOULEVA;4813414;-169424;35760;00;48.13358, -1.69313;;normale;;;;99;0;0;;0;2;Voie Communale;;;;Carrefour aménagé;Sur chaussée;1987,1965;Masculin,Masculin;Se déplaçant,Se déplaçant;Indemne,Blessé;Ceinture,Autre;Oui,Non déterminable;;A01,B01;1,1;Conducteur,Conducteur;;Utilisation professionnelle,Autre;Avant,Arrière droit;Sans changement de direction,Sans changement de direction;;Véhicule,Véhicule;;VL seul,Bicyclette;;Métropole
201500025129;2015-12-03T18:40:00+01:00;Rennes;15;12;03;18:40;Nuit avec éclairage public allumé;En agglomération;Giratoire;Normale;Trois véhicules et plus – en chaîne;35;238;35238;00, CHATEAU (AVENUE FRAN;4811171;-164638;35000;00;48.130314, -1.716887;;normale;;Bidirectionnelle;;99;0;0;;0;0;Voie Communale;;Partie rectiligne;Plat;;Sur chaussée;1999,1993,1987,1971;Féminin,Masculin,Féminin,Féminin;Se déplaçant,Se déplaçant,Se déplaçant,Se déplaçant;Blessé,Indemne,Blessé,Indemne;Ceinture,Ceinture,Ceinture,Ceinture;Oui,Oui,Oui,Oui;;B01,A01,C01;2,1,1,1;Passager,Conducteur,Conducteur,Conducteur;;Promenade – loisirs,Domicile – travail,Autre,Autre;Arrière,Avant,Arrière;Même sens,Même sens,Même sens;;Véhicule,Véhicule,Véhicule;;VU seul 1,VL seul,VL seul;;Métropole
201500025161;2015-12-17T17:30:00+01:00;Chantepie;15;12;17;17:30;Nuit avec éclairage public allumé;En agglomération;Hors intersection;Normale;Autre collision;35;055;35055;00, BONNIN ANDRE (AVENUE;4808835;-161889;35135;00;48.088588, -1.619572;;normale;;Bidirectionnelle;;99;0;0;;0;2;Voie Communale;;Partie rectiligne;Plat;;Sur chaussée;1952;Féminin;Traversant;Blessé;;;Sur passage piéton - Sans signalisation lumineuse;A01;;Piéton;Seul;Autre;Avant;Sans changement de direction;PK ou PR ou numéro d’adresse postale croissant;Piéton;;VL seul;;Métropole
201500025170;2015-12-22T13:50:00+01:00;Rennes;15;12;22;13:50;Plein jour;En agglomération;Hors intersection;Pluie légère;Autre collision;35;238;35238;00, TREGAIN (DE);4812676;-165852;35000;00;48.124411, -1.662019;;mouillée;;Bidirectionnelle;;99;0;60;;0;2;Voie Communale;;Partie rectiligne;Plat;;Sur chaussée;1939,1999;Masculin,Masculin;Se déplaçant,Jouant – courant;Indemne,Blessé;Ceinture;Oui;Sur chaussée - A – 50 m du passage piéton;A01;1;Conducteur,Piéton;Seul;Promenade – loisirs;Avant;Sans changement de direction;;Piéton;;VL seul;;Métropole
201500025176;2015-12-26T15:44:00+01:00;Rennes;15;12;26;15:44;Plein jour;En agglomération;Intersection en X;Normale;Autre collision;35;238;35238;00, BRETAGNE (PONT DE);4810981;-168469;35000;00;48.123169, -1.729286;;;;Bidirectionnelle;Voie réservée;00;0;0;;0;2;Voie Communale;;;;;Sur chaussée;1958,1984;Féminin,Masculin;Traversant,Se déplaçant;Blessé,Indemne;Ceinture;Oui;Sur passage piéton - Avec signalisation lumineuse;A01;1;Piéton,Conducteur;;Utilisation professionnelle;Avant droit;Sans changement de direction;;Piéton;;Autocar;1;Métropole
201500024884;2015-06-13T11:48:00+02:00;Rennes;15;06;13;11:48;Plein jour;En agglomération;Hors intersection;Normale;Sans collision;35;238;35238;02, SLOVAQUIE (SQUARE DE;4809045;-165528;35000;02;48.090434, -1.655092;;normale;;Bidirectionnelle;;00;0;0;;0;2;Voie Communale;;;Plat;;Sur chaussée;1956;Masculin;Se déplaçant;Blessé;Casque;Oui;;A01;1;Conducteur;;;;Sans changement de direction;;;Autre obstacle fixe sur chaussée;Scooter < 50 cm3;;Métropole
201500024936;2015-07-18T12:05:00+02:00;Rennes;15;07;18;12:05;Plein jour;Hors agglomération;Hors intersection;Normale;Autre collision;35;238;35238;RN136;4809538;-171107;35000;136;48.111214, -1.696433;12;normale;;A chaussées séparées;Voie réservée;99;136;0;;0;4;Route Nationale;700;Partie rectiligne;Plat;;Sur chaussée;1976,2014,2011,1955;Masculin,Masculin,Féminin,Masculin;Se déplaçant,Se déplaçant,Se déplaçant,Se déplaçant;Indemne,Blessé,Blessé,Indemne;Ceinture,Dispositif enfants,Dispositif enfants,Ceinture;Oui,Oui,Oui,Oui;;B01,A01;1,2,3,1;Conducteur,Passager,Passager,Conducteur;;Promenade – loisirs,Promenade – loisirs,Promenade – loisirs,Promenade – loisirs;Côté gauche,Avant droit;;;Véhicule,Véhicule;;VL seul,VL seul;;Métropole
201500025069;2015-10-29T10:35:00+01:00;Rennes;15;10;29;10:35;Plein jour;En agglomération;Hors intersection;Normale;Deux véhicules – par l’arrière;35;238;35238;38, LEROUX (BD OSCAR);4809137;-166461;35000;38;48.09133, -1.664588;;mouillée;;A chaussées séparées;Piste cyclable;03;0;0;;0;2;Voie Communale;;Partie rectiligne;Plat;;Sur chaussée;1994,1987,1993;Féminin,Masculin,Masculin;Se déplaçant,Se déplaçant,Se déplaçant;Blessé,Indemne,Indemne;Ceinture,Ceinture,Ceinture;Oui,Oui,Oui;;B01,A01;2,1,1;Passager,Conducteur,Conducteur;;Autre,Utilisation professionnelle,Autre;Arrière,Avant droit;Tournant A droite,Sans changement de direction;;Véhicule,Véhicule;;VL seul,Autre véhicule;;Métropole
201500024742;2015-01-17T11:50:00+01:00;Rennes;15;01;17;11:50;Plein jour;En agglomération;Hors intersection;Normale;Sans collision;35;238;35238;13, RUE LESAGE;4811710;-167614;35000;13;48.117107, -1.676146;;normale;;A sens unique;;00;;0;;0;2;Voie Communale;;Partie rectiligne;Plat;;Sur chaussée;1957;Masculin;Se déplaçant;Blessé;Casque;Oui;;A01;1;Conducteur;;Promenade – loisirs;Avant;Sans changement de direction;;;;Motocyclette > 125 cm3;;Métropole
201500024753;2015-01-25T13:50:00+01:00;Rennes;15;01;25;13:50;Plein jour;En agglomération;Intersection en X;Normale;Trois véhicules et plus – en chaîne;35;238;35238;ST HELIER/DUHAMEL;4810740;-167201;35000;;48.105963, -1.667801;;normale;;Bidirectionnelle;;03;;0;;0;2;Voie Communale;;Partie rectiligne;Plat;Carrefour aménagé;Sur chaussée;1989,1982,1995,1982;Féminin,Féminin,Féminin,Féminin;Se déplaçant,Se déplaçant,Se déplaçant,Se déplaçant;Indemne,Blessé,Blessé,Blessé;Ceinture,Ceinture,Ceinture,Ceinture;Oui,Oui,Oui,Oui;;C01,A01,B01;1,1,1,2;Conducteur,Conducteur,Conducteur,Passager;;Promenade – loisirs,Promenade – loisirs,Promenade – loisirs,Promenade – loisirs;Arrière,Avant,Arrière;Arrêté (hors stationnement),Même sens,Arrêté (hors stationnement);;Véhicule,Véhicule,Véhicule;;VL seul,VL seul,VL seul;;Métropole
201500024761;2015-01-30T08:45:00+01:00;Rennes;15;01;30;08:45;Nuit sans éclairage public;En agglomération;Giratoire;Pluie légère;Deux véhicules – par le coté;35;238;35238;00, AVENUE DES PREALES;4811152;-162513;35000;00;48.117141, -1.726696;;mouillée;;;;99;0;0;;0;0;Voie Communale;;;;Carrefour aménagé;Sur chaussée;1964,1970;Masculin,Masculin;Se déplaçant,Se déplaçant;Blessé,Indemne;Equipement réfléchissant,Ceinture;Non,Non déterminable;;A01,B01;1,1;Conducteur,Conducteur;;Domicile – travail,Domicile – travail;;;;Véhicule,Véhicule;;VL seul,Bicyclette;;Métropole
201500024762;2015-01-30T14:25:00+01:00;Rennes;15;01;30;14:25;Plein jour;En agglomération;Intersection en X;Pluie forte;Deux véhicules – par le coté;35;238;35238;JANVIER/ST THOMAS;4810790;-167354;35000;;48.108326, -1.675745;;mouillée;;Bidirectionnelle;;99;;0;;0;4;Voie Communale;;Partie rectiligne;Plat;Carrefour aménagé;Sur chaussée;1965,1966;Masculin,Masculin;Se déplaçant,Se déplaçant;Indemne,Blessé;Ceinture,Ceinture;Oui,Oui;;A01,B01;1,1;Conducteur,Conducteur;;Promenade – loisirs,Utilisation professionnelle;Côté droit,Avant gauche;Tournant A gauche,Sans changement de direction;;Véhicule,Véhicule;;VL seul,VL seul;;Métropole
201500000959;2015-09-04T11:15:00+02:00;Brece;15;09;04;11:15;Plein jour;Hors agglomération;Hors intersection;Normale;Autre collision;35;039;35039;La Turbanière;4810930;-150545;35530;;48.10931, -1.505595;;normale;;;;00;0;0;;58;0;Voie Communale;;Partie rectiligne;;;Sur chaussée;1989;Féminin;Se déplaçant;Blessé;Casque;Oui;;A01;1;Conducteur;;Promenade – loisirs;Côté droit;Sans changement de direction;;;Sortie de chaussée sans obstacle;Scooter < 50 cm3;;Métropole
201500025105;2015-11-20T17:05:00+01:00;Rennes;15;11;20;17:05;Nuit avec éclairage public allumé;En agglomération;Hors intersection;Normale;Autre collision;35;238;35238;00, BUTTES DE COESMES (A;4812543;-163258;35000;00;48.123336, -1.63362;;mouillée;;Bidirectionnelle;Banque cyclable;03;0;0;;0;2;Voie Communale;;Partie rectiligne;Pente;;Sur chaussée;1993,1999;Masculin,Féminin;Se déplaçant,Traversant;Indemne,Blessé;Ceinture;Oui;Sur chaussée - A – 50 m du passage piéton;A01;1;Conducteur,Piéton;;Autre,Domicile – école;Avant;Sans changement de direction;;Piéton;;VL seul;;Métropole
201500025127;2015-12-03T02:50:00+01:00;Rennes;15;12;03;02:50;Nuit avec éclairage public allumé;En agglomération;Giratoire;Normale;Autre collision;35;238;35238;00, MOULIN DE JOUE (DU);4811174;-164664;35000;00;48.105524, -1.663639;;normale;;Bidirectionnelle;;99;0;0;;0;2;Voie Communale;;En courbe à droite;Plat;;Sur trottoir;1977;Masculin;Se déplaçant;Blessé;Ceinture;Oui;;A01;1;Conducteur;;Autre;Avant;Sans changement de direction;;;Poteau;VU seul 1;;Métropole
201500025168;2015-12-22T13:20:00+01:00;Rennes;15;12;22;13:20;Plein jour;En agglomération;Intersection en X;Pluie légère;Deux véhicules – par le coté;35;238;35238;00, ROCHESTER (AVENUE DE;4812797;-165737;35000;00;48.128238, -1.656933;;normale;;Bidirectionnelle;Banque cyclable;99;0;0;;0;2;Voie Communale;;Partie rectiligne;Plat;Carrefour aménagé;Sur chaussée;1965,1970;Masculin,Masculin;Se déplaçant,Se déplaçant;Indemne,Blessé;Ceinture,Ceinture;Oui,Oui;;B01,A01;1,1;Conducteur,Conducteur;;Utilisation professionnelle;Avant,Avant droit;Sans changement de direction,Sans changement de direction;;Véhicule,Véhicule;;VL seul,VL seul;;Métropole
201500024820;2015-04-25T18:10:00+02:00;Rennes;15;04;25;18:10;Plein jour;Hors agglomération;Hors intersection;Normale;Deux véhicules – par l’arrière;35;238;35238;RN 137;4807780;-167458;35000;137;48.100043, -1.669884;42;mouillée;;A chaussées séparées;;00;2;0;;0;0;Route Départementale;800;Partie rectiligne;Plat;Bretelle d’échangeur ou de raccordement;Sur chaussée;1996,1994,1994,1992,1967;Féminin,Féminin,Féminin,Masculin,Féminin;Se déplaçant,Se déplaçant,Se déplaçant,Se déplaçant,Se déplaçant;Blessé,Blessé,Blessé,Indemne,Indemne;Ceinture,Ceinture,Ceinture,Ceinture,Ceinture;Oui,Oui,Oui,Oui,Oui;;B01,A01;3,4,2,1,1;Passager,Passager,Passager,Conducteur,Conducteur;;Promenade – loisirs,Promenade – loisirs,Promenade – loisirs,Promenade – loisirs,Promenade – loisirs;Arrière,Avant;Sans changement de direction,Sans changement de direction;;Véhicule,Véhicule;;VU seul 1,VL seul;;Métropole
201500024879;2015-06-12T14:20:00+02:00;Saint-gregoire;15;06;12;14:20;Plein jour;Hors agglomération;Hors intersection;Normale;Trois véhicules et plus – en chaîne;35;278;35278;00, RD 29;4816056;-165130;35760;00;48.146073, -1.654994;10;mouillée;;;;99;29;0;;0;1;Route Départementale;0;Partie rectiligne;Plat;;Sur chaussée;1971,1968,1982,1967;Féminin,Masculin,Masculin,Féminin;Se déplaçant,Se déplaçant,Se déplaçant,Se déplaçant;Blessé,Indemne,Indemne,Indemne;Ceinture,Ceinture,Ceinture,Ceinture;Oui,Oui,Oui,Oui;;B01,C01,D01,A01;1,1,1,1;Conducteur,Conducteur,Conducteur,Conducteur;;Domicile – travail,Promenade – loisirs,Utilisation professionnelle,Domicile – travail;Arrière,Arrière,Arrière,Avant;Même sens,Même sens,Même sens,Même sens;;Véhicule,Véhicule,Véhicule,Véhicule;;VL seul,VL seul,VL seul,VL seul;;Métropole
201500024943;2015-05-04T19:20:00+02:00;Rennes;15;05;04;19:20;Plein jour;En agglomération;Hors intersection;Pluie légère;Autre collision;35;238;35238;199, RUE DE FOUGÈRES;4812310;-166029;35000;199;48.12312, -1.660349;;mouillée;;Bidirectionnelle;;99;;0;;0;2;Voie Communale;;Partie rectiligne;Plat;;Sur chaussée;1988,1979;Masculin,Féminin;Se déplaçant,Traversant;Indemne,Blessé;;;Sur chaussée - A – 50 m du passage piéton;A01;1;Conducteur,Piéton;Seul;Domicile – école,Domicile – travail;Avant;Sans changement de direction;;Piéton;;Bicyclette;;Métropole
201500024958;2015-07-29T11:40:00+02:00;Rennes;15;07;29;11:40;Plein jour;Hors agglomération;Hors intersection;Normale;Trois véhicules et plus - collisions multiples;35;238;35238;RN136;4811453;-171907;35000;136;48.111214, -1.696433;15;normale;;A chaussées séparées;;99;136;0;;0;4;Route Nationale;0;Partie rectiligne;Plat;;Sur chaussée;2008,1996,1959,1976,1970;Masculin,Masculin,Masculin,Féminin,Masculin;Se déplaçant,Se déplaçant,Se déplaçant,Se déplaçant,Se déplaçant;Blessé,Indemne,Indemne,Blessé,Indemne;Ceinture,Ceinture,Ceinture,Ceinture,Ceinture;Oui,Oui,Oui,Oui,Oui;;C01,A01,B01;3,1,1,2,1;Passager,Conducteur,Conducteur,Passager,Conducteur;;Promenade – loisirs,Utilisation professionnelle,Utilisation professionnelle,Promenade – loisirs,Promenade – loisirs;Arrière gauche,Arrière droit,Côté gauche;Sans changement de direction,Sans changement de direction;;Véhicule,Véhicule,Véhicule;;Tracteur routier + semi-remorque,VL seul,Tracteur routier + semi-remorque;;Métropole
201500024968;2015-08-10T08:15:00+02:00;Cesson-sevigne;15;08;10;08:15;Plein jour;En agglomération;Intersection en T;Normale;Deux véhicules – par l’arrière;35;051;35051;00, FOUGERES (ROUTE DE);4813354;-162990;35510;00;48.141606, -1.614952;;;;Bidirectionnelle;;99;;;;;2;Voie Communale;;Partie rectiligne;Plat;;Sur chaussée;1989,1993;Féminin,Masculin;Se déplaçant,Se déplaçant;Indemne,Blessé;Ceinture,Ceinture;Oui,Oui;;A01,B01;1,1;Conducteur,Conducteur;;Utilisation professionnelle;Avant,Arrière;Même sens,Même sens;;Véhicule,Véhicule;;VL seul,VL seul;;Métropole
201500024999;2015-09-02T16:15:00+02:00;Rennes;15;09;02;16:15;Plein jour;En agglomération;Intersection en X;Normale;Deux véhicules – par l’arrière;35;238;35238;PARIS (RUE DE);4811247;-166668;35000;;48.113086, -1.663963;;normale;;Bidirectionnelle;Voie réservée;03;0;0;;0;2;Voie Communale;;Partie rectiligne;Plat;;Sur chaussée;1972,1992;Masculin,Masculin;Se déplaçant,Se déplaçant;Indemne,Blessé;Ceinture,Casque;Oui,Oui;;B01,A01;1,1;Conducteur,Conducteur;;Utilisation professionnelle;Arrière,Avant;Arrêté (hors stationnement),Sans changement de direction;;Véhicule,Véhicule;;VL seul,Scooter < 50 cm3;;Métropole
201500025041;2015-10-09T14:50:00+02:00;Rennes;15;10;09;14:50;Plein jour;En agglomération;Intersection en X;Normale;Autre collision;35;238;35238;01, FREVILLE (AVENUE HEN;4809345;-167426;35000;01;48.109755, -1.648118;;normale;;Bidirectionnelle;;99;0;0;;0;2;Voie Communale;;Partie rectiligne;Plat;;Sur chaussée;1986,1953;Masculin,Féminin;Jouant – courant,Se déplaçant;Blessé,Indemne;Ceinture;Oui;Sur passage piéton - Sans signalisation lumineuse;A01;1;Piéton,Conducteur;Seul;;Avant;Sans changement de direction;;Piéton;;VL seul;;Métropole
201500025050;2015-10-16T12:20:00+02:00;Rennes;15;10;16;12:20;Plein jour;En agglomération;Hors intersection;Normale;Autre collision;35;238;35238;40, ALBERT 1ER (BD);4808909;-167973;35000;40;48.088461, -1.679377;;normale;;Bidirectionnelle;;03;0;0;;0;2;Voie Communale;;Partie rectiligne;Plat;;Sur chaussée;1966,1989;Féminin,Masculin;Se déplaçant,Autre;Indemne,Blessé;Ceinture;Oui;Sur passage piéton - Sans signalisation lumineuse;A01;1;Conducteur,Piéton;Seul;Domicile – travail,Utilisation professionnelle;Avant;Sans changement de direction;;Piéton;;VL seul;;Métropole
201500025165;2015-12-19T11:15:00+01:00;Rennes;15;12;19;11:15;Plein jour;En agglomération;Intersection en T;Normale;Deux véhicules – par le coté;35;238;35238;00, LIBERTE (BD DE LA);4810753;-167543;35000;00;48.10768, -1.679482;;normale;;A chaussées séparées;Banque cyclable;99;0;0;;0;4;Voie Communale;;Partie rectiligne;Plat;;Sur chaussée;1942,1964;Masculin,Masculin;Se déplaçant,Se déplaçant;Indemne,Blessé;Ceinture,Casque;Oui,Oui;;A01,B01;1,1;Conducteur,Conducteur;;Promenade – loisirs,Promenade – loisirs;Avant gauche,Avant;Tournant A gauche,Sans changement de direction;;Véhicule,Véhicule;;VL seul,Scooter > 50 cm3 et <= 125 cm3;;Métropole
201500024720;2015-02-16T17:40:00+01:00;Saint-jacques-de-la-lande;15;02;16;17:40;Plein jour;En agglomération;Hors intersection;Pluie légère;Sans collision;35;281;35281;00, MERMOZ (BOULEVARD JE;4809361;-170094;35136;00;48.095518, -1.694817;23;mouillée;;Bidirectionnelle;Piste cyclable;99;177;0;;0;2;Route Départementale;0;;Plat;;Sur trottoir;1929;Masculin;Se déplaçant;Blessé;Ceinture;Non déterminable;;A01;1;Conducteur;;Promenade – loisirs;;;;;;VL seul;;Métropole
201500024764;2015-01-31T18:50:00+01:00;Saint-jacques-de-la-lande;15;01;31;18:50;Nuit avec éclairage public allumé;En agglomération;Hors intersection;Pluie légère;Autre collision;35;281;35281;08, BLUM (MAIL LEON);4807939;-171565;35136;08;48.079113, -1.715741;;mouillée;;Bidirectionnelle;;99;0;0;;0;2;Voie Communale;;Partie rectiligne;Plat;;Sur chaussée;1989,1954;Féminin,Féminin;Se déplaçant,Traversant;Indemne,Blessé;Ceinture,Autre;Non déterminable,Non déterminable;Sur passage piéton - Sans signalisation lumineuse;A01;1;Conducteur,Piéton;Seul;;Avant gauche;Sans changement de direction;;Piéton;;VL seul;;Métropole
201500024781;2015-04-01T17:30:00+02:00;Rennes;15;04;01;17:30;Plein jour;En agglomération;Hors intersection;Normale;Deux véhicules – par le coté;35;238;35238;12, TOUR D'AUVERGNE (BD;4810724;-168449;35000;12;48.107179, -1.684625;;normale;;Bidirectionnelle;;99;0;0;;0;4;Voie Communale;;Partie rectiligne;Plat;;Sur chaussée;1966,1966;Masculin,Féminin;Se déplaçant,Se déplaçant;Blessé,Indemne;Casque,Ceinture;Oui,Oui;;B01,A01;1,1;Conducteur,Conducteur;;Domicile – travail,Promenade – loisirs;Côté gauche,Avant gauche;Tournant A gauche,Sans changement de direction;;Véhicule,Véhicule;;VL seul,Scooter > 125 cm3;;Métropole
201500024784;2015-04-08T14:15:00+02:00;Rennes;15;04;08;14:15;Plein jour;En agglomération;Hors intersection;Normale;Sans collision;35;238;35238;07, MOTTE (CONTOUR DE LA;4811331;-167522;35000;07;48.112917, -1.675384;;normale;;A chaussées séparées;Banque cyclable;99;0;0;;0;3;Voie Communale;;En courbe à gauche;Pente;;Sur chaussée;1970,1958;Masculin,Masculin;Se déplaçant,Se déplaçant;Indemne,Blessé;Autre,Casque;Non déterminable,Non;;A01,B01;1,1;Conducteur,Conducteur;;Utilisation professionnelle,Promenade – loisirs;;En stationnement (avec occupants);;;;VU seul 1,Bicyclette;;Métropole
201500024919;2015-07-05T17:28:00+02:00;Rennes;15;07;05;17:28;Plein jour;En agglomération;Intersection en X;Normale;Deux véhicules – par le coté;35;238;35238;00, FREVILLE (AVENUE HEN;4808675;-167505;35000;00;48.109755, -1.648118;;normale;;A chaussées séparées;Banque cyclable;99;0;0;;0;2;Voie Communale;;Partie rectiligne;Plat;Carrefour aménagé;Sur chaussée;1956,1983,1996;Masculin,Masculin,Masculin;Se déplaçant,Se déplaçant,Se déplaçant;Indemne,Blessé,Blessé;Ceinture,Casque,Casque;Oui,Non déterminable,Non déterminable;;B01,A01;1,1,2;Conducteur,Conducteur,Passager;;Promenade – loisirs,Promenade – loisirs,Promenade – loisirs;Avant droit,Arrière droit;Sans changement de direction,Sans changement de direction;;Véhicule,Véhicule;;VL seul,Cyclomoteur <50cm3;;Métropole
201500025012;2015-09-16T18:10:00+02:00;Cesson-sevigne;15;09;16;18:10;Plein jour;Hors agglomération;Hors intersection;Pluie forte;Deux véhicules – par l’arrière;35;051;35051;PORTE DE LA RIGOURDIERE;4811560;-156833;35510;;48.115148, -1.586233;41;mouillée;;A chaussées séparées;;00;157;0;;0;2;Route Nationale;0;En courbe à gauche;Plat;;Sur chaussée;1946,1992;Masculin,Féminin;Se déplaçant,Se déplaçant;Indemne,Blessé;Ceinture,Ceinture;Oui,Oui;;B01,A01;1,1;Conducteur,Conducteur;;Promenade – loisirs,Promenade – loisirs;Arrière gauche,Avant;Sans changement de direction,Sans changement de direction;;Véhicule,Véhicule;;VL seul,VL seul;;Métropole
201500025066;2015-10-27T18:45:00+01:00;Rennes;15;10;27;18:45;Plein jour;En agglomération;Hors intersection;Normale;Deux véhicules – par le coté;35;238;35238;DE LATTRE DE TASSIGNY (B;4811392;-168799;35000;;48.113106, -1.687741;;mouillée;;A sens unique;Piste cyclable;99;0;0;;0;2;Voie Communale;;Partie rectiligne;Plat;;Sur chaussée;1973,1993;Masculin,Masculin;Se déplaçant,Se déplaçant;Blessé,Indemne;Casque,Ceinture;Oui,Oui;;B01,A01;1,1;Conducteur,Conducteur;;Promenade – loisirs;Avant,Avant droit;Sans changement de direction,Déporté A droite;;Véhicule,Véhicule;;Motocyclette > 125 cm3,VL seul;;Métropole
201500025092;2015-11-15T20:35:00+01:00;Rennes;15;11;15;20:35;Nuit avec éclairage public allumé;En agglomération;Intersection en X;Normale;Deux véhicules – par le coté;35;238;35238;00, PATTON (AVENUE DU GE;4812845;-166430;35000;00;48.128239, -1.664239;;normale;;A chaussées séparées;Banque cyclable;99;0;0;;0;4;Voie Communale;;Partie rectiligne;Plat;Carrefour aménagé;Sur chaussée;1984,1995;Masculin,Masculin;Se déplaçant,Se déplaçant;Indemne,Blessé;Ceinture,Casque;Oui,Oui;;A01,B01;1,1;Conducteur,Conducteur;;Utilisation professionnelle;Côté droit,Avant;Tournant A gauche,Sans changement de direction;;Véhicule,Véhicule;;VL seul,Scooter < 50 cm3;;Métropole
201500025150;2015-12-15T13:00:00+01:00;Rennes;15;12;15;13:00;Plein jour;En agglomération;Intersection en T;Normale;Deux véhicules – par le coté;35;238;35238;00, TILLON (AVENUE CHARL;4812445;-170932;35000;00;48.125775, -1.697054;;normale;;Bidirectionnelle;;99;0;0;;0;2;Voie Communale;;Partie rectiligne;Plat;;Sur chaussée;1960,1991,1955;Féminin,Féminin,Masculin;Se déplaçant,Se déplaçant,Se déplaçant;Blessé,Blessé,Indemne;Ceinture,Ceinture,Ceinture;Oui,Oui,Oui;;B01,A01;1,2,1;Conducteur,Passager,Conducteur;;Promenade – loisirs,Promenade – loisirs,Utilisation professionnelle;Avant droit,Avant;Sans changement de direction,Sans changement de direction;;Véhicule,Véhicule;;VL seul,PL seul > 7;;Métropole
201500025158;2015-12-15T19:05:00+01:00;Saint-gregoire;15;12;15;19:05;Nuit avec éclairage public allumé;En agglomération;Giratoire;Temps couvert;Autre collision;35;278;35278;00, ROBIQUETTE (ROND POI;4813502;-169359;35760;00;48.13358, -1.69313;;mouillée;;Bidirectionnelle;;99;0;0;;0;2;Voie Communale;;En courbe à droite;Plat;;Sur chaussée;1991,1973;Féminin,Féminin;Traversant,Se déplaçant;Blessé,Indemne;Ceinture;Oui;Sur chaussée - A – 50 m du passage piéton;A01;1;Piéton,Conducteur;Seul;Autre;Avant;En s’insérant;;Piéton;;VL seul;;Métropole
201500024819;2015-02-19T12:37:00+01:00;Rennes;15;02;19;12:37;Plein jour;En agglomération;Intersection à plus de 4 branches;Normale;Sans collision;35;238;35238;PORTE DE BREST;4812100;-172203;35000;;48.112771, -1.692938;63;normale;;A chaussées séparées;;99;12;0;;0;0;Route Nationale;600;Partie rectiligne;Plat;;Sur chaussée;1971;Masculin;Se déplaçant;Blessé;Ceinture;Oui;;A01;1;Conducteur;;Promenade – loisirs;Avant;Sans changement de direction;;;Glissière métallique;VL seul;;Métropole
201500024969;2015-08-03T12:50:00+02:00;Rennes;15;08;03;12:50;Plein jour;En agglomération;Hors intersection;Normale;Deux véhicules – par l’arrière;35;238;35238;5, LAENNEC (BD RENE);4810966;-166568;35000;5;48.108451, -1.665659;;normale;;Bidirectionnelle;;00;0;0;;0;2;Voie Communale;;Partie rectiligne;Plat;;Sur chaussée;1983,1989;Masculin,Masculin;Se déplaçant,Se déplaçant;Blessé,Indemne;Ceinture,Ceinture;Oui,Oui;;B01,A01;1,1;Conducteur,Conducteur;;;Arrière,Avant;Sans changement de direction;;Véhicule,Véhicule;;VL seul,VL seul;;Métropole
201500012474;2015-02-19T14:15:00+01:00;Pace;15;02;19;14:15;Plein jour;En agglomération;Hors intersection;Normale;Trois véhicules et plus - collisions multiples;35;210;35210;avenue pinault;4814770;-177949;35740;;48.147983, -1.778879;0;normale;;Bidirectionnelle;;99;0;0;;60;2;Voie Communale;0;;;;Sur chaussée;1964,1968,1974;Masculin,Masculin,Féminin;Se déplaçant,Se déplaçant,Se déplaçant;Indemne,Blessé,Blessé;Ceinture,Ceinture,Ceinture;Oui,Oui,Oui;;C03,B02,A01;1,1,1;Conducteur,Conducteur,Conducteur;;Courses – achats,Courses – achats,Courses – achats;Côté droit,Arrière droit,Avant gauche;Arrêté (hors stationnement),En stationnement (avec occupants),Sans changement de direction;;Véhicule;Véhicule en stationnement;VL seul,VL seul,VL seul;;Métropole
201500024726;2015-02-17T11:45:00+01:00;Rennes;15;02;17;11:45;Plein jour;En agglomération;Intersection en T;Normale;Deux véhicules – par le coté;35;238;35238;NANTES (DE);4808585;-169535;35000;;48.094819, -1.689784;11;normale;;Bidirectionnelle;;99;837;0;;0;3;Route Départementale;150;Partie rectiligne;Plat;Carrefour aménagé;Sur chaussée;1989,1971;Masculin,Masculin;Se déplaçant,Se déplaçant;Blessé,Indemne;Casque,Ceinture;Oui,Oui;;A01,B01;1,1;Conducteur,Conducteur;;Utilisation professionnelle;Avant,Arrière droit;Tournant A gauche,Sans changement de direction;;Véhicule,Véhicule;;Motocyclette > 125 cm3,VU seul 1;;Métropole
201500024849;2015-03-05T15:45:00+01:00;Rennes;15;03;05;15:45;Plein jour;En agglomération;Intersection en T;Normale;Trois véhicules et plus – en chaîne;35;238;35238;LORIENT/ROBERDIÈRE;4810690;-172602;35000;;48.104857, -1.725909;;normale;;A chaussées séparées;Voie réservée;99;24;0;;0;5;Route Nationale;;Partie rectiligne;Plat;Carrefour aménagé;Sur chaussée;1967,1987,1969,1985;Féminin,Masculin,Masculin,Féminin;Se déplaçant,Se déplaçant,Se déplaçant,Se déplaçant;Indemne,Indemne,Indemne,Blessé;Ceinture,Ceinture,Ceinture,Ceinture;Oui,Oui,Oui,Oui;;D01,A01,B01,C01;1,1,1,1;Conducteur,Conducteur,Conducteur,Conducteur;;Promenade – loisirs,Promenade – loisirs,Utilisation professionnelle,Promenade – loisirs;Arrière,Avant,Chocs multiples (tonneaux),Chocs multiples (tonneaux);Arrêté (hors stationnement),Même sens,Arrêté (hors stationnement),Arrêté (hors stationnement);;Véhicule,Véhicule,Véhicule,Véhicule;;VL seul,VL seul,VU seul 1,VL seul;;Métropole
201500024876;2015-06-12T11:05:00+02:00;Chantepie;15;06;12;11:05;Plein jour;En agglomération;Hors intersection;Normale;Autre collision;35;055;35055;84, BONNIN ANDRE (AVENUE;4808756;-161674;35135;84;48.087532, -1.616809;;mouillée;;Bidirectionnelle;;99;0;0;;0;2;Voie Communale;;Partie rectiligne;Plat;;Sur accotement;1953,1935;Masculin,Féminin;Se déplaçant,Autre;Indemne,Blessé;Ceinture;Oui;Sur accotement;A01;1;Conducteur,Piéton;Seul;Courses – achats,Courses – achats;Arrière;En marche arrière;;Piéton;Véhicule en stationnement;VL seul;;Métropole
201500024905;2015-06-26T12:25:00+02:00;Rennes;15;06;26;12:25;Plein jour;Hors agglomération;Hors intersection;Normale;Trois véhicules et plus – en chaîne;35;238;35238;PORTE DE BREQUIGNY;4808425;-169885;35000;;48.111949, -1.684709;11;normale;;A chaussées séparées;;99;136;0;;0;3;Route Nationale;100;Partie rectiligne;Plat;;Sur chaussée;1971,1975,1986;Féminin,Masculin,Féminin;Se déplaçant,Se déplaçant,Se déplaçant;Indemne,Indemne,Blessé;Ceinture,Ceinture,Ceinture;Oui,Oui,Oui;;A01,C01,B01;1,1,1;Conducteur,Conducteur,Conducteur;;;Avant,Arrière,Avant;Même sens,Même sens,Même sens;;Véhicule,Véhicule,Véhicule;;VL seul,VL seul,VL seul;;Métropole
201500024911;2015-06-30T16:30:00+02:00;Rennes;15;06;30;16:30;Plein jour;En agglomération;Intersection en T;Normale;Autre collision;35;238;35238;37, VERN (DE);4809989;-165793;35000;37;48.098678, -1.694284;;normale;;Bidirectionnelle;Voie réservée;99;0;0;;0;2;Voie Communale;;Partie rectiligne;Plat;;Sur chaussée;1999,1991;Masculin,Féminin;Jouant – courant,Se déplaçant;Blessé,Indemne;Ceinture;Oui;Sur chaussée - A – 50 m du passage piéton;A01;1;Piéton,Conducteur;Seul;Autre,Domicile – travail;Avant;Sans changement de direction;;Piéton;;VL seul;;Métropole
201500024944;2015-07-23T22:15:00+02:00;Rennes;15;07;23;22:15;Nuit avec éclairage public allumé;En agglomération;Intersection en X;Normale;Deux véhicules – par l’arrière;35;238;35238;ARMORIQUE (BD D');4812845;-166445;35000;;48.130307, -1.668977;;normale;;A chaussées séparées;;99;0;0;;0;4;Voie Communale;;Partie rectiligne;Plat;Carrefour aménagé;Sur chaussée;1974,1992;Masculin,Masculin;Se déplaçant,Se déplaçant;Indemne,Blessé;Ceinture,Ceinture;Oui,Oui;;A01,B01;1,1;Conducteur,Conducteur;;Promenade – loisirs,Promenade – loisirs;Avant,Arrière;Même sens,Même sens;;Véhicule,Véhicule;;VL seul,VL seul;;Métropole
201500024966;2015-08-07T17:40:00+02:00;Rennes;15;08;07;17:40;Plein jour;En agglomération;Hors intersection;Normale;Deux véhicules – par l’arrière;35;238;35238;31, VERN (DE);4810043;-165860;35000;31;48.098883, -1.693585;;normale;;Bidirectionnelle;Voie réservée;99;0;0;;0;2;Voie Communale;;Partie rectiligne;Plat;;Sur chaussée;1992,1986,1988;Masculin,Masculin,Féminin;Se déplaçant,Se déplaçant,Se déplaçant;Indemne,Indemne,Blessé;Ceinture,Casque,Casque;Oui,Oui,Oui;;B01,A01;1,1,2;Conducteur,Conducteur,Passager;;Autre,Autre;Arrière,Avant;En faisant demi-tour sur la chaussée;;Véhicule,Véhicule;;Scooter > 125 cm3,VL seul;;Métropole
201500025029;2015-10-01T17:55:00+02:00;Rennes;15;10;01;17:55;Plein jour;Hors agglomération;Hors intersection;Normale;Trois véhicules et plus – en chaîne;35;238;35238;RN136;4810185;-171575;35000;136;48.111214, -1.696433;13;normale;;A chaussées séparées;Voie réservée;99;136;0;;0;3;Route Nationale;560;Partie rectiligne;Plat;;Sur chaussée;1965,1954,1977;Masculin,Féminin,Masculin;Se déplaçant,Se déplaçant,Se déplaçant;Blessé,Blessé,Indemne;Ceinture,Ceinture,Ceinture;Oui,Oui,Oui;;C01,B01,A01;1,1,1;Conducteur,Conducteur,Conducteur;;Autre;Arrière,Arrière,Avant;Sans changement de direction,Même sens,Même sens;;Véhicule,Véhicule,Véhicule;;VL seul,VL seul,VL seul;;Métropole
201500025048;2015-10-15T11:45:00+02:00;Rennes;15;10;15;11:45;Plein jour;En agglomération;Hors intersection;Normale;Deux véhicules – par le coté;35;238;35238;01, TOUR D'AUVERGNE (BD;4810826;-168446;35000;01;48.104961, -1.684354;;normale;;Bidirectionnelle;Banque cyclable;99;0;0;;0;2;Voie Communale;;Partie rectiligne;Plat;;Sur chaussée;1993,1975,1992;Masculin,Masculin,Masculin;Se déplaçant,Se déplaçant,Se déplaçant;Blessé,Indemne,Indemne;Casque,Ceinture,Casque;Oui,Oui,Oui;;A01,B01;1,1,2;Conducteur,Conducteur,Passager;;Autre,Autre;Avant,Arrière gauche;Sans changement de direction,En s’insérant;;Véhicule,Véhicule;;Scooter < 50 cm3,VL seul;;Métropole
201500025052;2015-10-17T11:10:00+02:00;Rennes;15;10;17;11:10;Plein jour;Hors agglomération;Hors intersection;Normale;Trois véhicules et plus – en chaîne;35;238;35238;RN136;4813777;-170154;35000;136;48.111214, -1.696433;18;normale;;A chaussées séparées;;99;136;0;;0;4;Route Nationale;0;Partie rectiligne;Plat;;Sur chaussée;1979,1951,1953,1953,1986;Féminin,Masculin,Masculin,Féminin,Féminin;Se déplaçant,Se déplaçant,Se déplaçant,Se déplaçant,Se déplaçant;Indemne,Indemne,Indemne,Blessé,Indemne;Ceinture,Ceinture,Ceinture,Ceinture,Ceinture;Oui,Oui,Oui,Oui,Oui;;A01,C01,D01,B01;1,1,1,2,1;Conducteur,Conducteur,Conducteur,Passager,Conducteur;;Promenade – loisirs,Promenade – loisirs,Utilisation professionnelle,Promenade – loisirs,Promenade – loisirs;Arrière,Avant,Avant,Avant;Arrêté (hors stationnement),Même sens,Même sens,Manœuvre d’évitement;;Véhicule,Véhicule,Véhicule,Véhicule;;VL seul,VL seul,VL seul,VL seul;;Métropole
201500025067;2015-10-28T12:31:00+01:00;Rennes;15;10;28;12:31;Plein jour;En agglomération;Intersection en X;Normale;Deux véhicules – par le coté;35;238;35238;00, SAINT-MALO (RUE DE);4812716;-168648;35000;00;48.123042, -1.684463;;normale;;Bidirectionnelle;;99;0;0;;0;2;Voie Communale;;Partie rectiligne;Plat;;Sur chaussée;1947,1949,1980;Masculin,Féminin,Masculin;Se déplaçant,Se déplaçant,Se déplaçant;Blessé,Blessé,Indemne;Ceinture,Ceinture,Ceinture;Oui,Oui,Oui;;A01,B01;1,2,1;Conducteur,Passager,Conducteur;;Promenade – loisirs,Promenade – loisirs,Promenade – loisirs;Avant,Avant droit;Tournant A gauche,Sans changement de direction;;Véhicule,Véhicule;;VL seul,VL seul;;Métropole
201500025090;2015-11-11T20:15:00+01:00;Rennes;15;11;11;20:15;Nuit sans éclairage public;En agglomération;Intersection en T;Normale;Deux véhicules – par le coté;35;238;35238;8, ISLY (RUE D');4810518;-167756;35000;8;48.106754, -1.677871;;normale;;A chaussées séparées;Banque cyclable;99;0;0;;0;4;Voie Communale;;Partie rectiligne;Plat;Carrefour aménagé;Sur chaussée;1983,1997;Masculin,Masculin;Se déplaçant,Se déplaçant;Indemne,Blessé;Ceinture,Autre;Oui,Non;;A01,B01;1,1;Conducteur,Conducteur;;;Avant,Avant;Tournant A gauche,Sans changement de direction;;Véhicule,Véhicule;;Bicyclette,VL seul;;Métropole
201500025099;2015-11-16T20:40:00+01:00;Rennes;15;11;16;20:40;Nuit avec éclairage public allumé;En agglomération;Intersection en T;Normale;Autre collision;35;238;35238;30, BOURBONNAIS (DU);4812053;-171336;35000;30;48.120557, -1.709987;;normale;;Bidirectionnelle;;99;0;0;;0;2;Voie Communale;;Partie rectiligne;Plat;Carrefour aménagé;Sur chaussée;1993,2000;Masculin,Masculin;Se déplaçant,Traversant;Indemne,Blessé;Ceinture;Oui;Sur passage piéton - Sans signalisation lumineuse;A01;1;Conducteur,Piéton;;Autre;Avant droit;Sans changement de direction;;Piéton;;VL seul;;Métropole
201500025104;2015-11-18T18:30:00+01:00;Cesson-sevigne;15;11;18;18:30;Plein jour;Hors agglomération;Giratoire;Normale;Deux véhicules – par le coté;35;051;35051;00, ALLIES (BOULEVARD DE;4814017;-162716;35510;00;48.11523, -1.629276;;;;;;00;0;0;;0;0;Route Départementale;;;;;Sur chaussée;1976,1967;Féminin,Masculin;Se déplaçant,Se déplaçant;Indemne,Blessé;Ceinture,Casque;Oui,Oui;;A01,B01;1,1;Conducteur,Conducteur;;Domicile – travail,Domicile – travail;Avant,Côté droit;En s’insérant;;Véhicule,Véhicule;;VL seul,Motocyclette > 125 cm3;;Métropole
201500025123;2015-12-01T04:45:00+01:00;Saint-jacques-de-la-lande;15;12;01;04:45;Nuit avec éclairage public allumé;En agglomération;Hors intersection;Normale;Autre collision;35;281;35281;00, DODIN (AVENUE ROGER);4807496;-171248;35136;00;48.083155, -1.710248;25;normale;;Bidirectionnelle;;99;177;50;;15;2;Route Départementale;550;Partie rectiligne;Plat;;Sur chaussée;1992,1993;Masculin,Masculin;Se déplaçant,Se déplaçant;Blessé,Indemne;Autre,Ceinture;Non déterminable,Oui;;A01,B01;1,1;Conducteur,Conducteur;;Domicile – travail;Avant,Arrière;Même sens,Même sens;;Véhicule,Véhicule;;VL seul,Bicyclette;;Métropole
201500025134;2015-12-04T09:25:00+01:00;Saint-gregoire;15;12;04;09:25;Plein jour;En agglomération;Giratoire;Normale;Deux véhicules – par le coté;35;278;35278;00, AUGE DE PIERRE (ROND;4813661;-169295;35760;00;48.134688, -1.692801;;normale;;;;99;0;0;;0;2;Route Départementale;;Partie rectiligne;Plat;;Sur chaussée;1989,1971;Féminin,Masculin;Se déplaçant,Se déplaçant;Blessé,Indemne;Autre,Ceinture;Non déterminable,Oui;;A01,B01;1,1;Conducteur,Conducteur;;Domicile – travail;Côté gauche,Avant;En s’insérant,Sans changement de direction;;Véhicule,Véhicule;;VL seul,Bicyclette;;Métropole
201500024816;2015-04-24T23:30:00+02:00;Rennes;15;04;24;23:30;Nuit avec éclairage public allumé;En agglomération;Intersection en T;Pluie légère;Deux véhicules - frontale;35;238;35238;PATTON (AVENUE DU GENERA;4812845;-166424;35000;;48.128239, -1.664239;;;;A chaussées séparées;;00;0;0;;0;0;Voie Communale;;;;;;2001,1960,1959;Masculin,Féminin,Masculin;Se déplaçant,Se déplaçant,Se déplaçant;Blessé,Blessé,Indemne;Ceinture,Ceinture,Ceinture;Oui,Oui,Oui;;A01,B01;2,1,1;Passager,Conducteur,Conducteur;;Courses – achats;Avant,Avant;Tournant A gauche,Sans changement de direction;;Véhicule,Véhicule;;VL seul,VL seul;;Métropole
201500024825;2015-02-21T21:50:00+01:00;Rennes;15;02;21;21:50;Nuit avec éclairage public allumé;En agglomération;Intersection en X;Normale;Autre collision;35;238;35238;MAL FOCH/BRETAGNE;4811010;-168621;35000;;48.110447, -1.685247;;mouillée;;Bidirectionnelle;;99;;0;;0;6;Voie Communale;;Partie rectiligne;Sommet de côte;Carrefour aménagé;Sur chaussée;1971;Masculin;Se déplaçant;Blessé;Ceinture;Oui;;A01;1;Conducteur;;Promenade – loisirs;Avant;Tournant A gauche;;;Mobilier urbain;VL seul;;Métropole
201500024863;2015-06-04T18:25:00+02:00;Rennes;15;06;04;18:25;Plein jour;En agglomération;Intersection en Y;Normale;Deux véhicules – par le coté;35;238;35238;GUILLOUX (LOUIS);4811012;-169902;35000;;48.110544, -1.699928;;normale;;Avec voies d’affectation variable;;99;0;0;;0;4;Voie Communale;;Partie rectiligne;Sommet de côte;;Sur chaussée;1972,1982;Féminin,Masculin;Se déplaçant,Se déplaçant;Indemne,Blessé;Ceinture,Casque;Oui,Non déterminable;;B01,A01;1,1;Conducteur,Conducteur;;Domicile – travail,Domicile – travail;Avant gauche,Arrière gauche;Tournant A gauche,Dépassant A gauche;;Véhicule,Véhicule;;VL seul,Motocyclette > 125 cm3;;Métropole
201500024956;2015-07-29T09:20:00+02:00;Rennes;15;07;29;09:20;Plein jour;En agglomération;Intersection en X;Normale;Deux véhicules – par le coté;35;238;35238;00, VERDUN (BD DE);4811272;-169333;35000;00;48.118115, -1.689408;;normale;;Bidirectionnelle;Banque cyclable;99;0;0;;0;2;Voie Communale;;Partie rectiligne;Plat;Carrefour aménagé;Sur chaussée;2012,1983,1985;Féminin,Masculin,Féminin;Se déplaçant,Se déplaçant,Se déplaçant;Blessé,Blessé,Blessé;Dispositif enfants,Ceinture,Ceinture;Oui,Oui,Oui;;B01,A01;3,1,1;Passager,Conducteur,Conducteur;;Promenade – loisirs,Utilisation professionnelle,Promenade – loisirs;Avant;Sans changement de direction,Tournant A gauche;;Véhicule,Véhicule;;VL seul,VL seul;;Métropole
201500025025;2015-09-24T12:20:00+02:00;Saint-gregoire;15;09;24;12:20;Plein jour;En agglomération;Giratoire;Normale;Deux véhicules – par l’arrière;35;278;35278;00, AUGE DE PIERRE (ROND;4813698;-169265;35760;00;48.134688, -1.692801;51;;;A sens unique;;99;137;0;;0;2;Route Départementale;600;;;Carrefour aménagé;Sur chaussée;1991,1967,1965;Masculin,Féminin,Masculin;Se déplaçant,Se déplaçant,Se déplaçant;Indemne,Blessé,Indemne;Ceinture,Ceinture,Ceinture;Oui,Oui,Oui;;A01,B01;1,1,2;Conducteur,Conducteur,Passager;;Utilisation professionnelle,Courses – achats,Autre;Avant,Arrière;Même sens,Arrêté (hors stationnement);;Véhicule,Véhicule;;VL seul,VL seul;;Métropole
201500025028;2015-10-01T18:55:00+02:00;Rennes;15;10;01;18:55;Plein jour;En agglomération;Hors intersection;Normale;Autre collision;35;238;35238;07, ROGER HENRI GUERRAND;4810029;-169845;35000;07;48.10014, -1.697749;;normale;;;;00;0;0;;0;0;Voie Communale;;Partie rectiligne;Plat;;Sur chaussée;1951,1984,2011;Masculin,Féminin,Masculin;Se déplaçant,Se déplaçant,Jouant – courant;Indemne,Indemne,Blessé;Ceinture,Ceinture;Oui,Oui;Sur chaussée - A – 50 m du passage piéton;A01;1,2;Conducteur,Passager,Piéton;Seul;Promenade – loisirs;Avant;Sans changement de direction;;Piéton;;VU seul 1;;Métropole
201500025037;2015-10-08T08:15:00+02:00;Chantepie;15;10;08;08:15;Crépuscule ou aube;Hors agglomération;Hors intersection;Normale;Autre collision;35;055;35055;PORTE DES LOGES;4808426;-164115;35135;;48.088198, -1.624618;6;normale;;A chaussées séparées;;99;136;0;;0;4;Route Nationale;500;Partie rectiligne;Plat;;Sur chaussée;1973;Masculin;Se déplaçant;Blessé;Casque;Oui;;A01;1;Conducteur;;Domicile – travail;;Sans changement de direction;;;Sortie de chaussée sans obstacle;Motocyclette > 50 cm3 et <= 125 cm3;;Métropole
201500025056;2015-10-22T17:00:00+02:00;Cesson-sevigne;15;10;22;17:00;Plein jour;Hors agglomération;Hors intersection;Normale;Sans collision;35;051;35051;PORTE DE LA RIGOURDIERE;4811871;-157103;35510;;48.115148, -1.586233;0;mouillée;;A sens unique;;99;136;0;;0;2;Route Nationale;177;En courbe à gauche;Sommet de côte;Bretelle d’échangeur ou de raccordement;Sur accotement;1996;Féminin;Se déplaçant;Blessé;Ceinture;Oui;;A01;1;Conducteur;;Promenade – loisirs;Côté gauche;Sans changement de direction;;;Fossé;VL seul;;Métropole
201500025057;2015-10-22T18:50:00+02:00;Rennes;15;10;22;18:50;Plein jour;En agglomération;Hors intersection;Normale;Trois véhicules et plus – en chaîne;35;238;35238;00, FREVILLE (AVENUE HEN;4808757;-167497;35000;00;48.109755, -1.648118;;normale;;A chaussées séparées;Banque cyclable;99;0;0;;0;2;Voie Communale;;Partie rectiligne;Plat;;Sur chaussée;1984,1971,1994;Masculin,Féminin,Féminin;Se déplaçant,Se déplaçant,Se déplaçant;Indemne,Blessé,Indemne;Ceinture,Ceinture,Ceinture;Oui,Oui,Oui;;A01,B01,C01;1,1,1;Conducteur,Conducteur,Conducteur;;Domicile – travail;Avant,Arrière,Arrière;Même sens,Même sens,Même sens;;Véhicule,Véhicule,Véhicule;;VL seul,VL seul,VL seul;;Métropole
201500014553;2015-03-06T14:50:00+01:00;;15;03;06;14:50;Plein jour;En agglomération;Intersection en T;Normale;Deux véhicules – par le coté;13;055;13055;00, BD FERDINAND DE LESS;4331968;0537119;;00;48.102251, -1.707582;;normale;;Bidirectionnelle;;00;0;0;;0;2;Voie Communale;;Partie rectiligne;Plat;;Sur chaussée;1992;Masculin;Se déplaçant;Blessé;Casque;Oui;;Z01,A01;1;Conducteur;;Autre;Côté gauche;Sans changement de direction,En s’insérant;PK ou PR ou numéro d’adresse postale croissant;Véhicule,Véhicule;;VL seul,Scooter > 50 cm3 et <= 125 cm3;;Métropole
201500024724;2015-01-07T19:10:00+01:00;Noyal-chatillon-sur-seiche;15;01;07;19:10;Nuit sans éclairage public;En agglomération;Hors intersection;Normale;Trois véhicules et plus – en chaîne;35;206;35206;ROCADE SUD;4807940;-168794;35230;;48.04672, -1.648089;;normale;;A chaussées séparées;Voie réservée;99;136;0;;0;2;Route Nationale;;Partie rectiligne;Plat;;Sur chaussée;1961,1990,1958;Féminin,Masculin,Masculin;Se déplaçant,Se déplaçant,Se déplaçant;Indemne,Blessé,Blessé;Ceinture,Ceinture,Ceinture;Oui,Oui,Oui;;C01,A01,B01;1,1,1;Conducteur,Conducteur,Conducteur;;Domicile – travail,Promenade – loisirs;Arrière,Avant,Avant;Arrêté (hors stationnement),Même sens,Arrêté (hors stationnement);;Véhicule,Véhicule,Véhicule;;VL seul,VL seul,VL seul;;Métropole
201500024740;2015-01-14T17:50:00+01:00;Rennes;15;01;14;17:50;Nuit sans éclairage public;En agglomération;Hors intersection;Temps couvert;Deux véhicules – par l’arrière;35;238;35238;PORTE DE BREST;4812170;-171973;35000;;48.112771, -1.692938;15;mouillée;;A chaussées séparées;;99;136;0;;0;2;Route Nationale;800;Partie rectiligne;Plat;;Sur chaussée;1973,1983,2014,1958;Masculin,Féminin,Féminin,Masculin;Se déplaçant,Se déplaçant,Se déplaçant,Se déplaçant;Indemne,Blessé,Blessé,Indemne;Ceinture,Ceinture,Dispositif enfants,Ceinture;Oui,Oui,Oui,Oui;;A01,B01;1,2,4,1;Conducteur,Passager,Passager,Conducteur;;Promenade – loisirs,Promenade – loisirs,Promenade – loisirs,Utilisation professionnelle;Avant,Arrière;Même sens,Même sens;;Véhicule,Véhicule;;VL seul,VL seul;;Métropole
201500025004;2015-09-07T18:25:00+02:00;Rennes;15;09;07;18:25;Plein jour;Hors agglomération;Hors intersection;Normale;Trois véhicules et plus – en chaîne;35;238;35238;ROCADE 13-14;4810468;-171665;35000;13;48.111021, -1.692218;13;normale;;A chaussées séparées;;99;136;0;;0;6;Route Nationale;870;Partie rectiligne;Plat;Bretelle d’échangeur ou de raccordement;Sur chaussée;1992,1983,1957;Masculin,Féminin,Masculin;Se déplaçant,Se déplaçant,Se déplaçant;Blessé,Blessé,Blessé;Ceinture,Ceinture,Ceinture;Oui,Oui,Oui;;B01,A01,C01;1,1,1;Conducteur,Conducteur,Conducteur;;Domicile – travail,Promenade – loisirs;Arrière,Avant,Arrière;Même sens,Même sens,Même sens;;Véhicule,Véhicule,Véhicule;;VL seul,VL seul,VU seul 1;;Métropole
201500025022;2015-09-23T12:10:00+02:00;Rennes;15;09;23;12:10;Plein jour;En agglomération;Hors intersection;Normale;Deux véhicules – par l’arrière;35;238;35238;95, MITTERAND (MAIL FRAN;4810823;-169447;35000;95;48.108246, -1.694182;;normale;;Bidirectionnelle;Voie réservée;99;0;0;;0;2;Voie Communale;;Partie rectiligne;Plat;;Sur chaussée;1970,1967,1966;Masculin,Masculin,Féminin;Se déplaçant,Se déplaçant,Se déplaçant;Indemne,Indemne,Blessé;Ceinture,Ceinture,Ceinture;Oui,Oui,Oui;;A01,B01;2,1,1;Passager,Conducteur,Conducteur;;Utilisation professionnelle,Utilisation professionnelle,Utilisation professionnelle;Avant,Arrière;Même sens,Même sens;;Véhicule,Véhicule;;VU seul 1,VU seul 1;;Métropole
201500025044;2015-10-11T15:45:00+02:00;Rennes;15;10;11;15:45;Plein jour;En agglomération;Giratoire;Normale;Deux véhicules – par le coté;35;238;35238;00, BOUCHARD (ALAIN);4809977;-168316;35000;00;48.09908, -1.683318;;normale;;Bidirectionnelle;;99;0;0;;0;2;Voie Communale;;Partie rectiligne;Plat;Carrefour aménagé;Sur chaussée;1962,1984;Féminin,Féminin;Se déplaçant,Se déplaçant;Indemne,Blessé;Ceinture,Casque;Oui,Oui;;B01,A01;1,1;Conducteur,Conducteur;;Promenade – loisirs;Avant droit,Avant;Sans changement de direction,Sans changement de direction;;Véhicule,Véhicule;;VL seul,Cyclomoteur <50cm3;;Métropole
201500025101;2015-11-16T20:20:00+01:00;Cesson-sevigne;15;11;16;20:20;Nuit sans éclairage public;En agglomération;Hors intersection;Normale;Deux véhicules – par l’arrière;35;051;35051;00, ALLIES (BOULEVARD DE;;;35510;00;48.11523, -1.629276;;;;A sens unique;;00;836;0;;0;0;Route Départementale;;;Pente;;Sur chaussée;1965,1988,1992;Masculin,Masculin,Masculin;Se déplaçant,Se déplaçant,Se déplaçant;Indemne,Blessé,Blessé;Ceinture,Ceinture,Ceinture;Oui,Oui,Oui;;B01,A01;1,1,2;Conducteur,Conducteur,Passager;;;Arrière,Avant;Même sens,Même sens;;Véhicule,Véhicule;;VL seul,VL seul;;Métropole
201500024809;2015-02-16T13:15:00+01:00;Rennes;15;02;16;13:15;Plein jour;En agglomération;Intersection en X;Pluie forte;Deux véhicules – par le coté;35;238;35238;MITTERRAND/VANEAU;4810850;-169298;35000;;48.110088, -1.69287;;mouillée;;Bidirectionnelle;Banque cyclable;99;;0;;0;3;Voie Communale;;Partie rectiligne;Plat;Carrefour aménagé;Sur chaussée;1927,1985,1987;Masculin,Masculin,Masculin;Se déplaçant,Se déplaçant,Se déplaçant;Blessé,Blessé,Blessé;Ceinture,Ceinture,Ceinture;Oui,Oui,Oui;;B01,A01;1,1,3;Conducteur,Conducteur,Passager;;Promenade – loisirs,Utilisation professionnelle,Utilisation professionnelle;Avant,Avant gauche;Sans changement de direction,Sans changement de direction;;Véhicule,Véhicule;;VL seul,VU seul 1;;Métropole
201500024824;2015-04-29T12:45:00+02:00;Rennes;15;04;29;12:45;Plein jour;En agglomération;Intersection en X;Normale;Deux véhicules – par le coté;35;238;35238;00, LE GUEN DE KERANGAL;4809447;-168558;35000;00;48.093172, -1.685331;;normale;;Bidirectionnelle;;99;0;0;;0;2;Voie Communale;;Partie rectiligne;Pente;;Sur chaussée;1966,1987,2015;Féminin,Féminin,Féminin;Se déplaçant,Se déplaçant,Se déplaçant;Blessé,Indemne,Blessé;Ceinture,Ceinture,Dispositif enfants;Oui,Oui,Oui;;B01,A01;1,1,2;Conducteur,Conducteur,Passager;;Domicile – travail,Autre,Autre;Avant,Côté gauche;Sans changement de direction;;Véhicule,Véhicule;;VL seul,VL seul;;Métropole
201500024950;2015-07-27T12:10:00+02:00;Rennes;15;07;27;12:10;Plein jour;En agglomération;Hors intersection;Normale;Autre collision;35;238;35238;95, LORIENT (DE);4810880;-171031;35000;95;48.108962, -1.705868;;normale;;A chaussées séparées;;03;0;0;;0;4;Voie Communale;;Partie rectiligne;Plat;;Sur chaussée;1983,1993,1939;Masculin,Masculin,Masculin;Se déplaçant,Se déplaçant,Traversant;Indemne,Indemne,Blessé;Ceinture,Ceinture;Oui,Oui;Sur passage piéton - Avec signalisation lumineuse;B01,A01;1,1;Conducteur,Conducteur,Piéton;Seul;Utilisation professionnelle,Utilisation professionnelle,Autre;Arrière,Avant;Arrêté (hors stationnement),Même sens;;Piéton,Véhicule;;VU seul 1,VU seul 1;;Métropole
201500017789;2015-04-02T11:15:00+02:00;Becherel;15;04;02;11:15;Plein jour;En agglomération;Hors intersection;Normale;Autre collision;35;022;35022;RUE DE LA CHANVRERIE;4829522;-194470;35190;;48.295097, -1.944813;0;normale;;A sens unique;;99;0;0;;35;1;Voie Communale;0;Partie rectiligne;Pente;;Sur chaussée;1965,2013;Masculin,Féminin;Se déplaçant,Jouant – courant;Indemne,Blessé;Ceinture;Non déterminable;Sur chaussée - A + 50 m du passage piéton;A01;1;Conducteur,Piéton;Seul;Utilisation professionnelle,Promenade – loisirs;Côté droit;Tournant A droite;;Piéton;;VU seul 1;;Métropole
201500024871;2015-06-11T16:55:00+02:00;Rennes;15;06;11;16:55;Plein jour;En agglomération;Hors intersection;Normale;Deux véhicules – par l’arrière;35;238;35238;33, TOUR D'AUVERGNE (BD;4810499;-168443;35000;33;48.105541, -1.684338;;normale;;Bidirectionnelle;Voie réservée;00;0;0;;0;3;Voie Communale;;Partie rectiligne;Plat;;Sur chaussée;1970,1965;Masculin,Féminin;Se déplaçant,Se déplaçant;Indemne,Blessé;Ceinture,Ceinture;Oui,Oui;;B01,A01;1,1;Conducteur,Conducteur;;Utilisation professionnelle,Utilisation professionnelle;Arrière,Avant;Même sens,Même sens;;Véhicule,Véhicule;;VL seul,VU seul 1;;Métropole
201500024886;2015-06-13T11:50:00+02:00;Rennes;15;06;13;11:50;Plein jour;Hors agglomération;Hors intersection;Normale;Deux véhicules – par l’arrière;35;238;35238;RN136;4808453;-169883;35000;136;48.111214, -1.696433;11;normale;;A chaussées séparées;;99;2;0;;0;4;Route Nationale;100;Partie rectiligne;Sommet de côte;;Sur chaussée;1982,1997,1977,1963;Féminin,Masculin,Féminin,Masculin;Se déplaçant,Se déplaçant,Se déplaçant,Se déplaçant;Blessé,Blessé,Blessé,Indemne;Ceinture,Ceinture,Ceinture,Autre;Oui,Oui,Oui,Non déterminable;;A01,B01;1,1,3,2;Conducteur,Conducteur,Passager,Passager;;;Avant,Arrière;Même sens,Même sens;;Véhicule,Véhicule;;VL seul,VL seul;;Métropole
201500024915;2015-07-03T13:15:00+02:00;Rennes;15;07;03;13:15;Plein jour;Hors agglomération;Autre intersection;Normale;Deux véhicules – par le coté;35;238;35238;RN136;4814073;-168887;35000;136;48.111214, -1.696433;18;normale;;A chaussées séparées;Voie réservée;99;136;0;;0;4;Route Nationale;200;Partie rectiligne;Plat;Bretelle d’échangeur ou de raccordement;Sur chaussée;1993,1995,1972;Féminin,Féminin,Masculin;Se déplaçant,Se déplaçant,Se déplaçant;Indemne,Blessé,Indemne;Ceinture,Ceinture,Ceinture;Oui,Oui,Oui;;B01,A01;2,1,1;Passager,Conducteur,Conducteur;;Utilisation professionnelle;Côté droit,Avant gauche;Sans changement de direction,En s’insérant;;Véhicule,Véhicule;;VL seul,Tracteur routier + semi-remorque;;Métropole
201500024928;2015-07-10T09:20:00+02:00;Chantepie;15;07;10;09:20;Plein jour;En agglomération;Hors intersection;Normale;Autre collision;35;055;35055;25, BIGNON (RUE DU);4809819;-162290;35135;25;48.098157, -1.62319;;normale;;Bidirectionnelle;;99;0;0;;0;2;Voie Communale;;Partie rectiligne;Plat;;Sur chaussée;1995,1992;Féminin,Féminin;Se déplaçant,Traversant;Indemne,Blessé;Ceinture;Oui;Sur passage piéton - Sans signalisation lumineuse;A01;1;Conducteur,Piéton;Seul;Domicile – travail;Avant droit;Sans changement de direction;;Piéton;;VL seul;;Métropole
201500024957;2015-05-13T01:54:00+02:00;Rennes;15;05;13;01:54;Nuit avec éclairage public non allumé;En agglomération;Intersection en X;Normale;Deux véhicules – par le coté;35;238;35238;SURCOUF/D.PAPIN;4810610;-169213;35000;;48.105267, -1.692205;;normale;;A sens unique;;99;;0;;0;1;Voie Communale;;Partie rectiligne;Plat;Carrefour aménagé;Sur chaussée;1969,1966,1987;Masculin,Masculin,Féminin;Se déplaçant,Se déplaçant,Se déplaçant;Blessé,Blessé,Indemne;Ceinture,Ceinture,Ceinture;Oui,Oui,Oui;;A01,B01;1,2,1;Conducteur,Passager,Conducteur;;Utilisation professionnelle,Promenade – loisirs,Promenade – loisirs;Avant,Arrière droit;Sans changement de direction,Sans changement de direction;;Véhicule,Véhicule;;VL seul,VU seul 1;;Métropole
201500024976;2015-05-19T22:50:00+02:00;Rennes;15;05;19;22:50;Nuit avec éclairage public allumé;En agglomération;Hors intersection;Normale;Autre collision;35;238;35238;218, RUE DE NANTES;4809670;-168917;35000;218;48.096718, -1.689251;12;normale;;Bidirectionnelle;;00;837;0;;0;2;Route Départementale;630;Partie rectiligne;Plat;;Sur chaussée;1994;Masculin;Se déplaçant;Blessé;Ceinture;Oui;;A01;1;Conducteur;;Promenade – loisirs;Avant;Sans changement de direction;;;Autre obstacle fixe sur chaussée;VL seul;;Métropole
201500025005;2015-08-29T01:45:00+02:00;Rennes;15;08;29;01:45;Nuit avec éclairage public allumé;En agglomération;Hors intersection;Normale;Autre collision;35;238;35238;LEPERDIT;4811327;-168085;35000;;48.11327, -1.680826;;normale;;;;00;0;0;;0;0;Voie Communale;;Partie rectiligne;Plat;;Sur chaussée;1996;Masculin;Se déplaçant;Blessé;Casque;Non;;A01;1;Conducteur;;Autre;;Sans changement de direction;;;;Scooter < 50 cm3;;Métropole
201500025055;2015-10-22T11:30:00+02:00;Rennes;15;10;22;11:30;Plein jour;En agglomération;Hors intersection;Normale;Autre collision;35;238;35238;8-10, PICARDIE (DE);4812317;-171068;35000;8;48.123299, -1.710797;;normale;;A sens unique;;03;0;0;;0;1;Voie Communale;;Partie rectiligne;Plat;;Sur chaussée;1929,1972;Masculin,Masculin;Traversant,Se déplaçant;Blessé,Indemne;Ceinture;Oui;Sur chaussée - A + 50 m du passage piéton;A01;1;Piéton,Conducteur;Accompagné;Utilisation professionnelle;Arrière;En marche arrière;;Piéton;;VU seul 1;;Métropole
201500025064;2015-10-27T10:00:00+01:00;Cesson-sevigne;15;10;27;10:00;Plein jour;Hors agglomération;Hors intersection;Normale;Sans collision;35;051;35051;PORTE DE LA RIGOURDIERE;4811958;-157251;35510;;48.115148, -1.586233;0;mouillée;;A sens unique;;99;136;0;;0;2;Route Nationale;57;En courbe à droite;Plat;Bretelle d’échangeur ou de raccordement;Sur chaussée;1979,1976;Masculin,Masculin;Se déplaçant,Se déplaçant;Blessé,Blessé;Ceinture,Ceinture;Oui,Oui;;A01;2,1;Passager,Conducteur;;Promenade – loisirs,Promenade – loisirs;Chocs multiples (tonneaux);Sans changement de direction;;;Sortie de chaussée sans obstacle;VL seul;;Métropole
201500025147;2015-12-10T13:55:00+01:00;Rennes;15;12;10;13:55;Plein jour;En agglomération;Intersection en X;Normale;Deux véhicules – par le coté;35;238;35238;07, SURCOUF;4810618;-169214;35000;07;48.105267, -1.692205;;normale;;A sens unique;;99;0;0;;0;1;Voie Communale;;Partie rectiligne;Plat;;Sur chaussée;1962,1992;Masculin,Masculin;Se déplaçant,Se déplaçant;Blessé,Indemne;Casque,Ceinture;Oui,Oui;;A01,B01;1,1;Conducteur,Conducteur;;Domicile – travail;Avant droit;Tournant A droite,Sans changement de direction;;Véhicule,Véhicule;;VL seul,Bicyclette;;Métropole
201500025152;2015-12-11T18:30:00+01:00;Cesson-sevigne;15;12;11;18:30;Nuit sans éclairage public;Hors agglomération;Hors intersection;Normale;Autre collision;35;051;35051;00, FOUGERES (ROUTE DE);4814210;-161369;35510;00;48.141606, -1.614952;;normale;;Bidirectionnelle;;99;0;0;;0;2;Voie Communale;;Partie rectiligne;Plat;;Sur accotement;1950;Masculin;Se déplaçant;Blessé;Ceinture;Oui;;A01;1;Conducteur;;Autre;Avant;Sans changement de direction;;Véhicule;;"Voiturette (Quadricycle à moteur carrossé) (anciennement ""voiturette ou tricycle à moteur"")";;Métropole
201500025177;2015-12-29T17:00:00+01:00;Rennes;15;12;29;17:00;Plein jour;Hors agglomération;Autre intersection;Normale;Sans collision;35;238;35238;00, RN136;4812205;-171983;35000;00;48.111214, -1.696433;15;normale;;A sens unique;;99;136;0;;0;1;Route Nationale;810;En courbe à droite;Pente;Bretelle d’échangeur ou de raccordement;Sur chaussée;1993;Féminin;Se déplaçant;Blessé;Ceinture;Oui;;A01;1;Conducteur;;Domicile – travail;Chocs multiples (tonneaux);Sans changement de direction;;;Sortie de chaussée sans obstacle;VL seul;;Métropole
201500024737;2015-01-12T15:00:00+01:00;Rennes;15;01;12;15:00;Plein jour;En agglomération;Intersection en X;Normale;Deux véhicules – par l’arrière;35;238;35238;ORMES/PRESTAUT;4810150;-170258;35000;;48.101696, -1.702484;;normale;;Bidirectionnelle;;99;;0;;0;2;Voie Communale;;Partie rectiligne;Plat;;Sur chaussée;1991,1968;Masculin,Féminin;Se déplaçant,Se déplaçant;Indemne,Blessé;Ceinture,Ceinture;Oui,Oui;;A01,B01;1,1;Conducteur,Conducteur;;Promenade – loisirs,Promenade – loisirs;Avant droit,Avant gauche;Sans changement de direction,Sans changement de direction;;Véhicule,Véhicule;;VL seul,VL seul;;Métropole
201500024769;2015-02-01T01:45:00+01:00;Rennes;15;02;01;01:45;Nuit avec éclairage public allumé;En agglomération;Intersection en X;Neige - grêle;Autre collision;35;238;35238;LEGRAVEREND/CH?ZY;4811780;-168553;35000;;48.117385, -1.68313;;mouillée;;Bidirectionnelle;;99;;0;;0;2;Voie Communale;;Partie rectiligne;Plat;Carrefour aménagé;Sur chaussée;1985,1982;Masculin,Féminin;Se déplaçant Sens inverse du véhicule,Se déplaçant;Blessé,Indemne;Ceinture;Oui;Sur chaussée - A – 50 m du passage piéton;A01;1;Piéton,Conducteur;Accompagné;Promenade – loisirs,Promenade – loisirs;Avant;Tournant A gauche;;Piéton;;VL seul;;Métropole
201500024771;2015-02-04T14:30:00+01:00;Rennes;15;02;04;14:30;Plein jour;En agglomération;Hors intersection;Normale;Autre collision;35;238;35238;11, PLACE  CHAMP JACQUET;4811300;-168016;35000;11;48.113055, -1.680347;;normale;;Bidirectionnelle;Voie réservée;00;;0;;0;2;Voie Communale;;Partie rectiligne;Plat;;Sur chaussée;1995,1966;Féminin,Masculin;Traversant,Se déplaçant;Blessé,Indemne;;;Sur chaussée - A – 50 m du passage piéton;A01;1;Piéton,Conducteur;Accompagné;Promenade – loisirs,Utilisation professionnelle;Avant droit;Sans changement de direction;;Piéton;;Autobus;3;Métropole
201500024794;2015-04-11T20:50:00+02:00;Rennes;15;04;11;20:50;Plein jour;Hors agglomération;Hors intersection;Normale;Trois véhicules et plus - collisions multiples;35;238;35238;RN136;4811212;-171836;35000;136;48.111214, -1.696433;14;normale;;A chaussées séparées;Voie réservée;99;2;0;;0;3;Route Nationale;500;Partie rectiligne;Pente;Bretelle d’échangeur ou de raccordement;Sur chaussée;1991,1992,1990;Masculin,Masculin,Féminin;Se déplaçant,Se déplaçant,Se déplaçant;Blessé,Indemne,Blessé;Casque,Ceinture,Ceinture;Oui,Oui,Oui;;C01,A01,B01;1,1,1;Conducteur,Conducteur,Conducteur;;Promenade – loisirs,Promenade – loisirs,Domicile – travail;Arrière droit,Côté gauche,Avant;Sans changement de direction,Changeant de file A gauche,Sans changement de direction;;Véhicule,Véhicule,Véhicule;Fossé;VL seul,VL seul,Motocyclette > 125 cm3;;Métropole
201500024727;2015-01-08T08:35:00+01:00;Rennes;15;01;08;08:35;Crépuscule ou aube;En agglomération;Hors intersection;Normale;Autre collision;35;238;35238;57, RUE GAL MARGUERITTE;4809840;-167910;35000;57;48.098371, -1.679017;;normale;;Bidirectionnelle;;03;;0;;0;2;Voie Communale;;Partie rectiligne;Plat;;Sur chaussée;2006,1959;Masculin,Féminin;Jouant – courant,Se déplaçant;Blessé,Indemne;Ceinture;Oui;Sur chaussée - A + 50 m du passage piéton;A01;1;Piéton,Conducteur;Seul;Domicile – école,Domicile – travail;Avant droit;Sans changement de direction;;Piéton;;VL seul;;Métropole
201500024733;2015-01-11T06:40:00+01:00;Noyal-chatillon-sur-seiche;15;01;11;06:40;Nuit sans éclairage public;En agglomération;Intersection à plus de 4 branches;Normale;Autre collision;35;206;35206;PORTE DE BREQUIGNY;4807930;-168886;35230;;48.053735, -1.693994;10;mouillée;;A chaussées séparées;;99;136;0;;0;2;Route Nationale;500;En courbe à gauche;Pente;Bretelle d’échangeur ou de raccordement;Sur chaussée;1988,1991;Masculin,Féminin;Se déplaçant,Se déplaçant;Indemne,Blessé;Ceinture,Ceinture;Oui,Non;;A01;1,3;Conducteur,Passager;;Promenade – loisirs,Promenade – loisirs;;Sans changement de direction;;;Glissière métallique;VL seul;;Métropole
201500024734;2015-02-22T06:18:00+01:00;Saint-gregoire;15;02;22;06:18;Nuit sans éclairage public;En agglomération;Hors intersection;Normale;Autre collision;35;278;35278;00, GAULLE (RUE DU GAL D;4814900;-168581;35760;00;48.154967, -1.6876;;normale;;A sens unique;;99;0;0;;0;0;Voie Communale;;Partie rectiligne;Plat;;Sur chaussée;1980;Masculin;Se déplaçant;Blessé;Ceinture;Oui;;A01;1;Conducteur;;Domicile – travail;Avant;;;;Arbre;VL seul;;Métropole
201500024741;2015-01-14T19:10:00+01:00;Rennes;15;01;14;19:10;Nuit avec éclairage public allumé;En agglomération;Hors intersection;Temps couvert;Sans collision;35;238;35238;16, AV H.FR?VILLE;4809000;-167491;35000;16;48.109884, -1.713394;;normale;;A chaussées séparées;Banque cyclable;99;;0;;0;2;Voie Communale;;Partie rectiligne;Plat;;Sur chaussée;1979;Masculin;Se déplaçant;Blessé;Ceinture;Oui;;A01;1;Conducteur;;Promenade – loisirs;Avant gauche;Sans changement de direction;;;Ilot;VL seul;;Métropole
201500024752;2015-01-23T08:30:00+01:00;Saint-jacques-de-la-lande;15;01;23;08:30;Plein jour;En agglomération;Giratoire;Normale;Sans collision;35;281;35281;00, DODIN (AVENUE ROGER);4808660;-170753;35136;00;48.083155, -1.710248;24;normale;;A sens unique;;99;177;0;;0;2;Route Départementale;0;En courbe à gauche;Plat;Carrefour aménagé;Sur chaussée;1979,1989;Masculin,Masculin;Se déplaçant,Se déplaçant;Blessé,Indemne;Casque,Ceinture;Oui,Oui;;A01,B01;1,1;Conducteur,Conducteur;;Domicile – travail,Domicile – travail;Côté gauche;En s’insérant,Sans changement de direction;;Véhicule,Véhicule;;VL seul,Motocyclette > 50 cm3 et <= 125 cm3;;Métropole
201500024778;2015-02-07T14:00:00+01:00;Rennes;15;02;07;14:00;Plein jour;En agglomération;Giratoire;Normale;Autre collision;35;238;35238;PAYS BAS/L.GRIMAULT;4809160;-165839;35000;;48.091189, -1.652889;;normale;;A chaussées séparées;Banque cyclable;03;;0;;0;2;Voie Communale;;Partie rectiligne;Plat;Carrefour aménagé;Sur chaussée;1991;Masculin;Se déplaçant;Blessé;Ceinture;Oui;;A01;1;Conducteur;;Promenade – loisirs;Avant;Sans changement de direction;;;Mobilier urbain;VL seul;;Métropole
201500024857;2015-06-01T15:00:00+02:00;Rennes;15;06;01;15:00;Plein jour;En agglomération;Intersection en T;Normale;Deux véhicules – par le coté;35;238;35238;00, MOUNIER (BD EMMANUEL;4812525;-166393;35000;00;48.12516, -1.663646;;normale;;A sens unique;;99;0;0;;0;1;Voie Communale;;Partie rectiligne;Plat;;Sur chaussée;1994,2013,1983,1987,1985;Féminin,Masculin,Féminin,Masculin,Féminin;Se déplaçant,Se déplaçant,Se déplaçant,Se déplaçant,Se déplaçant;Blessé,Indemne,Blessé,Indemne,Indemne;Ceinture,Ceinture,Ceinture,Ceinture,Ceinture;Oui,Non déterminable,Oui,Oui,Oui;;A01,B01;1,4,3,1,2;Conducteur,Passager,Passager,Conducteur,Passager;;Autre,Autre,Autre,Autre,Autre;Avant gauche,Avant;Tournant A gauche,Sans changement de direction;;Véhicule,Véhicule;;VL seul,VL seul;;Métropole
201500024861;2015-06-04T09:00:00+02:00;Rennes;15;06;04;09:00;Plein jour;Hors agglomération;Hors intersection;Normale;Autre collision;35;238;35238;00, MARIN (JEAN);4813686;-166288;35000;00;48.109633, -1.637983;;normale;;Bidirectionnelle;;99;0;0;;0;2;Voie Communale;;Partie rectiligne;Pente;;Sur accotement;1992;Féminin;Se déplaçant;Blessé;Ceinture;Oui;;A01;1;Conducteur;;Domicile – travail;Avant;Sans changement de direction;;;Autre obstacle fixe sur trottoir ou accotement;VL seul;;Métropole
201500024910;2015-06-30T16:10:00+02:00;Rennes;15;06;30;16:10;Plein jour;En agglomération;Hors intersection;Normale;Sans collision;35;238;35238;00, MOTTE AU CHANCELIER;4810617;-171761;35000;00;48.10673, -1.717968;;normale;;Bidirectionnelle;;99;0;0;;0;2;Voie Communale;;Partie rectiligne;Plat;;Sur chaussée;1999;Masculin;Se déplaçant;Blessé;Casque;Oui;;A01;1;Conducteur;;;Côté gauche;Sans changement de direction;;;Sortie de chaussée sans obstacle;Scooter < 50 cm3;;Métropole
201500024923;2015-07-07T10:50:00+02:00;Rennes;15;07;07;10:50;Plein jour;Hors agglomération;Autre intersection;Normale;Sans collision;35;238;35238;PORTE D'ANGERS;4808511;-163997;35000;;48.111949, -1.684709;6;normale;;A sens unique;;99;136;0;;0;1;Route Nationale;420;En courbe à droite;Sommet de côte;Bretelle d’échangeur ou de raccordement;Sur chaussée;1969;Féminin;Se déplaçant;Blessé;Ceinture;Oui;;A01;1;Conducteur;;Autre;;Tournant A droite;;;Glissière béton;VL seul;;Métropole
201500024954;2015-05-12T15:40:00+02:00;Rennes;15;05;12;15:40;Plein jour;En agglomération;Giratoire;Normale;Deux véhicules – par l’arrière;35;238;35238;PORTE D'ALMA;4808160;-167455;35000;;48.098565, -1.675594;43;normale;;A sens unique;;99;137;0;;0;0;Route Départementale;435;Partie rectiligne;Plat;Carrefour aménagé;Sur chaussée;1955,1992;Féminin,Masculin;Se déplaçant,Se déplaçant;Blessé,Indemne;Ceinture,Ceinture;Oui,Oui;;A01,B01;1,1;Conducteur,Conducteur;;Promenade – loisirs,Utilisation professionnelle;Avant,Arrière;Même sens,Arrêté (hors stationnement);;Véhicule,Véhicule;;Tracteur routier + semi-remorque,VL seul;;Métropole
201500024987;2015-08-20T14:50:00+02:00;Rennes;15;08;20;14:50;Plein jour;Hors agglomération;Giratoire;Normale;Deux véhicules - frontale;35;238;35238;LANGEVIN (PAUL);4809337;-165837;35000;;48.094087, -1.658336;;;;Bidirectionnelle;;99;;;;;2;Voie Communale;;;;Carrefour aménagé;Sur chaussée;1994,1963;Masculin,Féminin;Se déplaçant,Se déplaçant;Blessé,Indemne;Casque,Ceinture;Non,Oui;;A01,B01;1,1;Conducteur,Conducteur;;;;;;;;VL seul,Bicyclette;;Métropole
201500024994;2015-08-27T19:30:00+02:00;Cesson-sevigne;15;08;27;19:30;Plein jour;Hors agglomération;Giratoire;Pluie forte;Sans collision;35;051;35051;BEAULIEU (PORTE DE);4810187;-160798;35510;;48.140179, -1.598291;3;mouillée;;A sens unique;;00;136;0;;0;0;Route Nationale;500;En courbe à droite;Plat;;Sur chaussée;1992;Masculin;Se déplaçant;Blessé;Ceinture;Oui;;A01;1;Conducteur;;;Avant gauche;Sans changement de direction;;;Mobilier urbain;VL seul;;Métropole
201500025016;2015-09-20T03:10:00+02:00;Rennes;15;09;20;03:10;Nuit avec éclairage public allumé;En agglomération;Hors intersection;Normale;Autre collision;35;238;35238;23, DINAN (DE);4811418;-168511;35000;23;48.114252, -1.685339;;normale;;A sens unique;;99;0;0;;0;1;Voie Communale;;Partie rectiligne;Plat;;Sur chaussée;1990;Masculin;Se déplaçant;Blessé;Casque;Oui;;A01;1;Conducteur;;Promenade – loisirs;Avant;Sans changement de direction;;Véhicule;Bordure de trottoir;Scooter < 50 cm3;;Métropole
201500025033;2015-10-04T17:30:00+02:00;Saint-jacques-de-la-lande;15;10;04;17:30;Plein jour;En agglomération;Giratoire;Normale;Deux véhicules – par le coté;35;281;35281;00, MERMOZ (BOULEVARD JE;4809080;-170428;35136;00;48.095518, -1.694817;23;normale;;Bidirectionnelle;;99;177;0;;0;2;Route Départementale;330;Partie rectiligne;Plat;Carrefour aménagé;Sur chaussée;1983,2003;Masculin,Masculin;Se déplaçant,Se déplaçant;Indemne,Blessé;Ceinture,Ceinture;Oui,Oui;;Z01,B01;1,2;Conducteur,Passager;;;Avant,Arrière droit;Sans changement de direction;PK ou PR ou numéro d’adresse postale croissant;Véhicule,Véhicule;;VL seul,VL seul;;Métropole
201500025039;2015-10-09T18:20:00+02:00;Rennes;15;10;09;18:20;Plein jour;En agglomération;Hors intersection;Normale;Deux véhicules - frontale;35;238;35238;0, PREVALAYE (CHEMIN DE;4809072;-173894;35000;0;48.108279, -1.68887;;normale;;Bidirectionnelle;;99;0;0;;0;2;Voie Communale;;En courbe à droite;Plat;;Sur chaussée;1947,1951;Féminin,Masculin;Se déplaçant,Se déplaçant;Blessé,Blessé;Ceinture,Ceinture;Oui,Oui;;A01,B01;1,1;Conducteur,Conducteur;;Promenade – loisirs,Promenade – loisirs;Avant gauche,Avant gauche;Sans changement de direction,Sans changement de direction;;Véhicule,Véhicule;;VL seul,VL seul;;Métropole
201500025096;2015-11-18T13:40:00+01:00;Rennes;15;11;18;13:40;Plein jour;En agglomération;Giratoire;Normale;Deux véhicules – par le coté;35;238;35238;00, LANGUEDOC (AVENUE DU;4811599;-170517;35000;00;48.116268, -1.706059;;normale;;Bidirectionnelle;Banque cyclable;99;0;0;;0;2;Voie Communale;;Partie rectiligne;Plat;Carrefour aménagé;Sur chaussée;1950,1969;Féminin,Masculin;Se déplaçant,Se déplaçant;Indemne,Blessé;Ceinture,Casque;Oui,Oui;;A01,B01;1,1;Conducteur,Conducteur;;Autre,Domicile – travail;Côté droit,Côté gauche;Tournant A droite,Sans changement de direction;;Véhicule,Véhicule;;VL seul,Motocyclette > 125 cm3;;Métropole
201500025178;2015-12-29T21:20:00+01:00;Rennes;15;12;29;21:20;Nuit avec éclairage public allumé;En agglomération;Intersection en X;Normale;Deux véhicules – par l’arrière;35;238;35238;00, ARMORIQUE (BD D');4812848;-166448;35000;00;48.130307, -1.668977;;normale;;Bidirectionnelle;Banque cyclable;99;0;0;;0;2;Voie Communale;;Partie rectiligne;Plat;Carrefour aménagé;Sur chaussée;1984,1990;Masculin,Masculin;Se déplaçant,Se déplaçant;Blessé,Indemne;Ceinture,Ceinture;Oui,Oui;;B01,A01;1,1;Conducteur,Conducteur;;;Arrière,Avant;Même sens;;Véhicule,Véhicule;;VL seul,VL seul;;Métropole
201500024796;2015-04-09T19:15:00+02:00;Rennes;15;04;09;19:15;Plein jour;En agglomération;Hors intersection;Normale;Autre collision;35;238;35238;ANJOU (D');4812138;-171347;35000;;48.120747, -1.713783;;normale;;Bidirectionnelle;;99;0;0;;0;2;Voie Communale;;Partie rectiligne;Plat;Zone piétonne;Sur chaussée;1975,2004;Féminin,Féminin;Se déplaçant,Traversant;Indemne,Blessé;Ceinture,Autre;Oui,Non déterminable;Sur passage piéton - Sans signalisation lumineuse;A01;1;Conducteur,Piéton en roller ou en trottinette;Seul;;Avant gauche;Sans changement de direction;;Piéton;;VL seul;;Métropole
201500024828;2015-02-22T12:30:00+01:00;Rennes;15;02;22;12:30;Plein jour;En agglomération;Intersection en T;Normale;Deux véhicules – par le coté;35;238;35238;BULGARIE/PAYS BAS;4808471;-166072;35000;;48.113086, -1.663963;;normale;;A chaussées séparées;Banque cyclable;99;;0;;0;2;Voie Communale;;Partie rectiligne;Plat;Carrefour aménagé;Sur chaussée;1948;Féminin;Se déplaçant;Blessé;Casque;Oui;;A01,B01;1;Conducteur;;Promenade – loisirs;Avant droit;Sans changement de direction;PK ou PR ou numéro d’adresse postale croissant;Véhicule,Véhicule;;VL seul,Bicyclette;;Métropole
201500024833;2015-02-25T15:45:00+01:00;Rennes;15;02;25;15:45;Plein jour;En agglomération;Hors intersection;Pluie légère;Autre collision;35;238;35238;82, LORIENT (DE);4810940;-170804;35000;82;48.108962, -1.705868;;mouillée;;A chaussées séparées;;00;;0;;0;4;Voie Communale;;Partie rectiligne;Pente;;Sur chaussée;1989,1984;Masculin,Féminin;Se déplaçant,Se déplaçant Sens véhicule heurtant;Indemne,Blessé;Ceinture,Autre;Oui,Non déterminable;Sur chaussée - A + 50 m du passage piéton;A01;1;Conducteur,Piéton;Seul;Utilisation professionnelle,Courses – achats;Avant gauche;Sans changement de direction;;Piéton;;VL seul;;Métropole
201500024834;2015-02-26T08:09:00+01:00;Rennes;15;02;26;08:09;Plein jour;En agglomération;Giratoire;Pluie légère;Autre collision;35;238;35238;CLOTEAUX/NANTES;4808460;-169601;35000;;48.094819, -1.689784;;mouillée;;Bidirectionnelle;;99;;0;;0;2;Voie Communale;;Partie rectiligne;Plat;Carrefour aménagé;Sur chaussée;1936,1998;Masculin,Féminin;Se déplaçant,Se déplaçant Sens véhicule heurtant;Indemne,Blessé;Ceinture;Oui;Sur chaussée - A + 50 m du passage piéton;A01;1;Conducteur,Piéton;Seul;Promenade – loisirs,Domicile – école;;Tournant A gauche;;Piéton;;VL seul;;Métropole
201500024854;2015-05-19T19:30:00+02:00;Cesson-sevigne;15;05;19;19:30;Plein jour;Hors agglomération;Hors intersection;Normale;Autre collision;35;051;35051;16, RENNES (RUE DE);4811429;-161317;35510;16;48.114305, -1.613091;;normale;;Bidirectionnelle;Voie réservée;00;0;0;;0;4;Voie Communale;;Partie rectiligne;Plat;;Sur chaussée;1979,1995;Masculin,Masculin;Se déplaçant,Traversant;Indemne,Blessé;Ceinture;Oui;Sur passage piéton - Sans signalisation lumineuse;A01;1;Conducteur,Piéton;Seul;Utilisation professionnelle,Courses – achats;Avant;Sans changement de direction;;Piéton;;VL seul;;Métropole
201500021052;2015-10-03T06:30:00+02:00;Vezin-le-coquet;15;10;03;06:30;Nuit avec éclairage public allumé;En agglomération;Hors intersection;Normale;Trois véhicules et plus – en chaîne;35;353;35353;RN24 - route de Lorient;4810508;-173585;35132;24;48.104915, -1.737058;3;normale;;A chaussées séparées;Piste cyclable;00;24;105;;20;4;Route Nationale;280;Partie rectiligne;Plat;;Sur chaussée;1984,1944,1986,1970,1981;Masculin,Masculin,Masculin,Masculin,Masculin;Se déplaçant,Se déplaçant,Se déplaçant,Se déplaçant,Se déplaçant;Indemne,Indemne,Indemne,Indemne,Blessé;Ceinture,Ceinture,Ceinture,Ceinture,Casque;Oui,Oui,Oui,Oui,Oui;;B02,C03,A01,E05,D04;1,1,1,1,1;Conducteur,Conducteur,Conducteur,Conducteur,Conducteur;;Promenade – loisirs,Promenade – loisirs,Promenade – loisirs,Promenade – loisirs,Domicile – travail;Arrière gauche,Arrière droit,Avant,Côté droit,Arrière;Arrêté (hors stationnement),Arrêté (hors stationnement),Même sens,Arrêté (hors stationnement),Arrêté (hors stationnement);;Véhicule,Véhicule,Véhicule,Véhicule,Véhicule;;VL seul,VL seul,VL seul,Motocyclette > 125 cm3,VL seul;;Métropole
201500025080;2015-11-04T10:45:00+01:00;Rennes;15;11;04;10:45;Plein jour;En agglomération;Intersection en T;Normale;Deux véhicules – par le coté;35;238;35238;00, YSER (BD DE L');4809096;-168034;35000;00;48.091956, -1.67405;;normale;;Bidirectionnelle;;99;0;0;;0;2;Voie Communale;;Partie rectiligne;Plat;Carrefour aménagé;Sur chaussée;1934,1936;Féminin,Féminin;Se déplaçant,Se déplaçant;Indemne,Blessé;Ceinture,Autre;Oui,Non déterminable;;B01,A01;1,1;Conducteur,Conducteur;;Courses – achats,Courses – achats;Côté droit,Avant;Sans changement de direction,Tournant A droite;;Véhicule,Véhicule;;Bicyclette,VL seul;;Métropole
201500025095;2015-11-17T14:27:00+01:00;Rennes;15;11;17;14:27;Plein jour;En agglomération;Hors intersection;Normale;Autre collision;35;238;35238;69, MITTERAND (MAIL FRAN;4810887;-169153;35000;69;48.108865, -1.691535;;normale;;Bidirectionnelle;Voie réservée;99;0;0;;0;2;Voie Communale;;Partie rectiligne;Plat;;Sur chaussée;1959,1991;Féminin,Masculin;Se déplaçant,Traversant;Indemne,Blessé;Ceinture;Oui;Sur chaussée - A – 50 m du passage piéton;A01;1;Conducteur,Piéton;Seul;Autre;Avant;Sans changement de direction;;Piéton;;VL seul;;Métropole
201500025155;2015-12-14T17:55:00+01:00;Rennes;15;12;14;17:55;Nuit sans éclairage public;En agglomération;Hors intersection;Normale;Deux véhicules – par le coté;35;238;35238;60B, CHATEAUGIRON (DE);4810102;-165187;35000;60;48.101018, -1.652102;;;;Bidirectionnelle;;00;0;0;;0;2;Voie Communale;;;;;Sur chaussée;1939,1992;Féminin,Masculin;Se déplaçant,Se déplaçant;Indemne,Blessé;Ceinture,Casque;Oui,Oui;;A01,B01;1,1;Conducteur,Conducteur;;Promenade – loisirs,Autre;Côté droit,Avant droit;Tournant A gauche,Sans changement de direction;;Véhicule,Véhicule;;VL seul,Motocyclette > 125 cm3;;Métropole
201500025175;2015-12-26T15:10:00+01:00;Rennes;15;12;26;15:10;Plein jour;En agglomération;Intersection en Y;Normale;Autre collision;35;238;35238;04, MOREAU DE JONNES;4810875;-165474;35000;04;48.108128, -1.654189;;normale;;Bidirectionnelle;;99;0;0;;0;2;Voie Communale;;Partie rectiligne;Plat;;Sur chaussée;2001,1952;Masculin,Féminin;Jouant – courant,Se déplaçant;Blessé,Indemne;Ceinture;Oui;Sur chaussée - A + 50 m du passage piéton;A01;1;Piéton,Conducteur;Seul;Promenade – loisirs;Avant droit;;;Piéton;;VL seul;;Métropole
201500024808;2015-04-19T12:15:00+02:00;Rennes;15;04;19;12:15;Plein jour;En agglomération;Giratoire;Normale;Deux véhicules – par le coté;35;238;35238;MONTS D'ARREE (AVENUE DE;4813665;-166689;35000;;48.111225, -1.65834;;normale;;;Piste cyclable;00;0;0;;0;0;Voie Communale;;En courbe à gauche;Plat;Carrefour aménagé;Sur chaussée;1985,1948;Masculin,Masculin;Se déplaçant,Se déplaçant;Blessé,Indemne;Autre,Ceinture;Non déterminable,Oui;;B01,A01;1,1;Conducteur,Conducteur;;Autre,Promenade – loisirs;Avant droit,Avant;En s’insérant;;Véhicule,Véhicule;;VL seul,Bicyclette;;Métropole
201500024815;2015-04-23T10:15:00+02:00;Rennes;15;04;23;10:15;Plein jour;En agglomération;Intersection en X;Normale;Autre collision;35;238;35238;00, VASSELOT;4810860;-167782;35000;00;48.108574, -1.677753;;normale;;;;99;0;0;;0;0;Voie Communale;;Partie rectiligne;Plat;;Sur chaussée;1972,1978;Masculin,Masculin;Autre,Se déplaçant;Blessé,Indemne;Ceinture;Oui;Sur trottoir;A01;1;Piéton,Conducteur;Seul;Utilisation professionnelle,Utilisation professionnelle;Arrière gauche;Tournant A droite;;Piéton;;PL seul > 7;;Métropole
201500024844;2015-03-03T10:35:00+01:00;Rennes;15;03;03;10:35;Plein jour;En agglomération;Intersection en X;Pluie légère;Deux véhicules – par le coté;35;238;35238;LEMORDANT/COËTLOGON;4812280;-168870;35000;;48.122728, -1.68718;;mouillée;;Bidirectionnelle;;03;;0;;0;2;Voie Communale;;Partie rectiligne;Plat;;Sur chaussée;1994,1994;Féminin,Féminin;Se déplaçant,Se déplaçant;Indemne,Blessé;Ceinture,Casque;Oui,Oui;;A01,B01;1,1;Conducteur,Conducteur;;Promenade – loisirs,Domicile – école;Avant,Avant;Sans changement de direction,Tournant A gauche;;Véhicule,Véhicule;;VL seul,Scooter < 50 cm3;;Métropole
201500024881;2015-06-13T02:20:00+02:00;Cesson-sevigne;15;06;13;02:20;Nuit sans éclairage public;Hors agglomération;Giratoire;Normale;Autre collision;35;051;35051;ALLIES (BOULEVARD DES);4810738;-161650;35510;;48.11523, -1.629276;;normale;;Bidirectionnelle;;00;0;0;;0;0;Voie Communale;;En courbe à droite;Plat;Carrefour aménagé;Sur chaussée;1961,1956;Féminin,Masculin;Se déplaçant,Se déplaçant;Blessé,Indemne;Ceinture,Ceinture;Oui,Oui;;A01;2,1;Passager,Conducteur;;;Avant;Sans changement de direction;;;Bâtiment;VL seul;;Métropole
201500024901;2015-06-20T13:00:00+02:00;Rennes;15;06;20;13:00;Plein jour;En agglomération;Intersection en Y;Normale;Deux véhicules – par le coté;35;238;35238;06, MARTENOT;4811237;-167284;35000;06;48.112408, -1.67275;;normale;;A sens unique;;99;0;0;;0;1;Voie Communale;;Partie rectiligne;Pente;;Sur chaussée;1993,1979;Féminin,Masculin;Se déplaçant,Se déplaçant;Indemne,Blessé;Ceinture,Casque;Oui,Oui;;A01,B01;1,1;Conducteur,Conducteur;;Promenade – loisirs;Avant droit,Avant;En faisant demi-tour sur la chaussée;;Véhicule,Véhicule;;VL seul,Motocyclette > 50 cm3 et <= 125 cm3;;Métropole
201500024921;2015-07-06T17:35:00+02:00;Saint-gregoire;15;07;06;17:35;Plein jour;Hors agglomération;Hors intersection;Normale;Trois véhicules et plus – en chaîne;35;278;35278;R.N. 136;4814147;-167092;35760;136;48.134654, -1.692301;20;normale;;A chaussées séparées;Voie réservée;99;136;0;;0;4;Route Nationale;400;Partie rectiligne;Plat;;Sur chaussée;1958,1967,1992,1989;Féminin,Masculin,Féminin,Masculin;Se déplaçant,Se déplaçant,Se déplaçant,Se déplaçant;Blessé,Indemne,Blessé,Indemne;Ceinture,Ceinture,Ceinture,Ceinture;Oui,Oui,Oui,Oui;;B01,C01,A01;2,1,1,1;Passager,Conducteur,Conducteur,Conducteur;;Domicile – travail,Utilisation professionnelle,Domicile – travail;Arrière,Arrière,Avant;Même sens,Même sens,Même sens;;Véhicule,Véhicule,Véhicule;;VL seul,VU seul 1,VL seul;;Métropole
201500024932;2015-07-11T11:20:00+02:00;Rennes;15;07;11;11:20;Plein jour;En agglomération;Intersection en X;Normale;Deux véhicules – par le coté;35;238;35238;00, LIBERTE (BD DE LA);4810746;-168028;35000;00;48.10768, -1.679482;;normale;;A chaussées séparées;;99;0;0;;0;4;Voie Communale;;Partie rectiligne;Plat;Carrefour aménagé;Sur chaussée;1950,1933;Masculin,Féminin;Se déplaçant,Se déplaçant;Blessé,Indemne;Autre,Ceinture;Non déterminable,Oui;;A01,B01;1,1;Conducteur,Conducteur;;Promenade – loisirs,Promenade – loisirs;Avant gauche,Avant;Sans changement de direction,Sans changement de direction;;Véhicule,Véhicule;;VL seul,Bicyclette;;Métropole
201500024947;2015-05-06T15:50:00+02:00;Rennes;15;05;06;15:50;Plein jour;En agglomération;Hors intersection;Pluie légère;Deux véhicules – par le coté;35;238;35238;29, BD ALBERT 1ER;4809000;-168861;35000;29;48.090147, -1.688611;;mouillée;;A chaussées séparées;Banque cyclable;99;;0;;0;1;Voie Communale;;Partie rectiligne;Plat;;Sur chaussée;1997,1994;Féminin,Masculin;Se déplaçant,Se déplaçant;Blessé,Indemne;Casque,Ceinture;Oui,Oui;;A01,B01;1,1;Conducteur,Conducteur;;Promenade – loisirs,Promenade – loisirs;Avant droit,Avant;Tournant A gauche,Sans changement de direction;;Véhicule,Véhicule;;VL seul,Scooter < 50 cm3;;Métropole
201500024962;2015-08-05T18:40:00+02:00;Saint-jacques-de-la-lande;15;08;05;18:40;Plein jour;En agglomération;Giratoire;Normale;Deux véhicules – par le coté;35;281;35281;DODIN (AVENUE ROGER);4808720;-170733;35136;;48.083155, -1.710248;24;normale;;A chaussées séparées;;00;177;0;;0;0;Route Départementale;0;Partie rectiligne;Plat;Carrefour aménagé;Sur chaussée;1939,1986;Masculin,Masculin;Se déplaçant,Se déplaçant;Indemne,Blessé;Ceinture,Casque;Oui,Oui;;A01,B01;1,1;Conducteur,Conducteur;;;Avant,Côté droit;En s’insérant,Sans changement de direction;;Véhicule,Véhicule;;VL seul,Motocyclette > 125 cm3;;Métropole
201500024988;2015-05-28T13:10:00+02:00;Rennes;15;05;28;13:10;Plein jour;En agglomération;Intersection en X;Normale;Deux véhicules – par le coté;35;238;35238;PUITS JACOB/NANTES;4809810;-168788;35000;;48.097863, -1.686505;;normale;;A sens unique;;99;;0;;0;1;Voie Communale;;Partie rectiligne;Plat;;Sur chaussée;1982,1989;Masculin,Masculin;Se déplaçant,Se déplaçant;Indemne,Blessé;Ceinture,Casque;Oui,Oui;;A01,B01;1,1;Conducteur,Conducteur;;Domicile – travail,Promenade – loisirs;Arrière gauche,Avant;Sans changement de direction,Sans changement de direction;;Véhicule,Véhicule;;VL seul,Scooter < 50 cm3;;Métropole
201500024992;2015-08-25T18:50:00+02:00;Saint-gregoire;15;08;25;18:50;Plein jour;Hors agglomération;Hors intersection;Pluie légère;Sans collision;35;278;35278;D 175;4816149;-162587;35760;175;48.1594, -1.690674;41;mouillée;;A chaussées séparées;;99;175;0;;0;4;Route Départementale;300;En courbe à droite;Plat;;Sur chaussée;1974;Masculin;Se déplaçant;Blessé;Casque;Oui;;A01;1;Conducteur;;;;;;;;Motocyclette > 125 cm3;;Métropole
201500024721;2015-01-06T18:45:00+01:00;Rennes;15;01;06;18:45;Nuit avec éclairage public allumé;En agglomération;Intersection en T;Normale;Autre collision;35;238;35238;G.BERGER/PROVENCE;4811700;-170469;35000;;48.118729, -1.704647;;mouillée;;Bidirectionnelle;Banque cyclable;99;;0;;0;2;Voie Communale;;Partie rectiligne;Plat;;Sur chaussée;1995,1961;Féminin,Masculin;Traversant,Se déplaçant;Blessé,Indemne;Ceinture;Oui;Sur passage piéton - Sans signalisation lumineuse;A01;1;Piéton,Conducteur;Accompagné;Domicile – école,Domicile – travail;Avant droit;Sans changement de direction;;Piéton;;VL seul;;Métropole
201500024725;2015-02-17T15:30:00+01:00;Rennes;15;02;17;15:30;Plein jour;En agglomération;Intersection en X;Normale;Deux véhicules – par le coté;35;238;35238;MITTERAND (MAIL FRANCOIS;4810855;-169297;35000;;48.109331, -1.690691;;normale;;A sens unique;;99;0;0;;0;3;Voie Communale;;Partie rectiligne;Plat;;Sur chaussée;1992,1965,1965,1995;Masculin,Masculin,Masculin,Masculin;Se déplaçant,Se déplaçant,Se déplaçant,Se déplaçant;Indemne,Indemne,Blessé,Indemne;Ceinture,Ceinture,Casque,Ceinture;Oui,Oui,Oui,Oui;;A01,B01;1,2,1,3;Conducteur,Passager,Conducteur,Passager;;;Côté gauche,Avant droit;Sans changement de direction,Tournant A gauche;;Véhicule,Véhicule;;Motocyclette > 125 cm3,VL seul;;Métropole
201500024744;2015-01-19T18:30:00+01:00;Saint-gregoire;15;01;19;18:30;Nuit sans éclairage public;Hors agglomération;Giratoire;Normale;Deux véhicules – par l’arrière;35;278;35278;00, MAISON BLANCHE (ROND;4814471;-165699;35760;00;48.151899, -1.654615;;normale;;A sens unique;;99;0;0;;0;2;Voie Communale;;En courbe à droite;Plat;Carrefour aménagé;Sur chaussée;1978,1986,1973;Féminin,Masculin,Masculin;Se déplaçant,Se déplaçant,Se déplaçant;Indemne,Indemne,Blessé;Ceinture,Ceinture,Ceinture;Oui,Oui,Oui;;B01,A01;1,1,2;Conducteur,Conducteur,Passager;;Promenade – loisirs;Arrière,Avant;;;Véhicule,Véhicule;;VL seul,VL seul;;Métropole
201500024791;2015-02-12T01:45:00+01:00;Saint-jacques-de-la-lande;15;02;12;01:45;Nuit sans éclairage public;Hors agglomération;Hors intersection;Normale;Autre collision;35;281;35281;00, TEMPLE DU CERISIER;4807618;-174492;35136;00;48.068851, -1.748514;2;normale;;Bidirectionnelle;;99;434;0;;0;2;Route Départementale;0;Partie rectiligne;Plat;;Sur chaussée;1971;Masculin;Se déplaçant;Blessé;Equipement réfléchissant;Non déterminable;;B01,Z01;1;Conducteur;;Domicile – travail;Arrière,Avant;Même sens,Même sens;PK ou PR ou numéro d’adresse postale croissant;Véhicule,Véhicule;;Bicyclette,VL seul;;Métropole
201500019080;2015-12-24T21:45:00+01:00;Betton;15;12;24;21:45;Nuit sans éclairage public;En agglomération;Hors intersection;Normale;Autre collision;35;024;35024;12 rue du mt st michel;4818656;-162836;35830;12;48.18667, -1.628025;;normale;;Bidirectionnelle;;00;3175;82;;0;2;Voie Communale;;En courbe à gauche;Plat;;;1973;Masculin;Se déplaçant;Blessé;Ceinture;Oui;;A01;1;Conducteur;;Autre;Avant;Sans changement de direction;;;Bâtiment;VL seul;;Métropole
201500012700;2015-09-05T09:30:00+02:00;Vern-sur-seiche;15;09;05;09:30;Plein jour;En agglomération;Giratoire;Normale;Deux véhicules - frontale;35;352;35352;avenue de la chalotais;4804492;-160470;35770;;48.044688, -1.60472;;normale;;A sens unique;Banque cyclable;99;1;93;;0;1;autre;;En courbe à gauche;Plat;Carrefour aménagé;Sur chaussée;1939,1963;Masculin,Masculin;Se déplaçant,Se déplaçant;Indemne,Blessé;Ceinture,Casque;Oui,Non;;A01,B02;1,1;Conducteur,Conducteur;;Promenade – loisirs,Promenade – loisirs;Avant droit,Côté gauche;En s’insérant,Même sens;;Autre;;VL seul,Bicyclette;;Métropole
201500024782;2015-02-08T16:15:00+01:00;Rennes;15;02;08;16:15;Plein jour;En agglomération;Hors intersection;Normale;Deux véhicules – par l’arrière;35;238;35238;53, RUE CHAMPION DE CICE;4810200;-170609;35000;53;48.102616, -1.703599;;normale;;Bidirectionnelle;;03;;0;;0;2;Voie Communale;;Partie rectiligne;Plat;;Sur chaussée;2001,1994;Masculin,Masculin;Se déplaçant,Se déplaçant;Blessé,Indemne;Casque,Ceinture;Oui,Oui;;A01,B01;1,1;Conducteur,Conducteur;;Promenade – loisirs,Promenade – loisirs;Avant,Arrière;Même sens,Arrêté (hors stationnement);;Véhicule,Véhicule;;Scooter < 50 cm3,VU seul 1;;Métropole
201500024898;2015-06-20T11:45:00+02:00;Rennes;15;06;20;11:45;Plein jour;En agglomération;Intersection en T;Normale;Deux véhicules – par le coté;35;238;35238;00, DUBOIS (DU LT-COL);4810719;-173362;35000;00;48.106563, -1.736236;;normale;;Bidirectionnelle;;99;0;0;;0;2;Voie Communale;;Partie rectiligne;Plat;;Sur chaussée;1993,1952;Masculin,Féminin;Se déplaçant,Se déplaçant;Blessé,Indemne;Casque,Ceinture;Oui,Oui;;A01,B01;1,1;Conducteur,Conducteur;;Domicile – travail,Promenade – loisirs;Avant,Arrière gauche;Sans changement de direction,Tournant A gauche;;Véhicule,Véhicule;;Motocyclette > 125 cm3,VL seul;;Métropole
201500024902;2015-06-24T16:40:00+02:00;Rennes;15;06;24;16:40;Plein jour;En agglomération;Autre intersection;Normale;Autre collision;35;238;35238;00, BRETAGNE (PLACE DE);4811002;-168424;35000;00;48.109274, -1.684044;;normale;;Bidirectionnelle;;99;0;0;;0;2;Voie Communale;;;Plat;;Sur chaussée;1973;Masculin;Se déplaçant;Blessé;Casque;Oui;;A01;1;Conducteur;;;;Sans changement de direction;;;Bordure de trottoir;Scooter < 50 cm3;;Métropole
201500024934;2015-07-15T19:00:00+02:00;Saint-gregoire;15;07;15;19:00;Plein jour;Hors agglomération;Giratoire;Normale;Sans collision;35;278;35278;00, RD 29;4815240;-170585;35760;00;48.146073, -1.654994;5;normale;;Bidirectionnelle;;99;29;0;;0;2;Route Départementale;400;Partie rectiligne;Plat;;Sur chaussée;1969;Masculin;Se déplaçant;Blessé;Ceinture;Oui;;A01;1;Conducteur;;Domicile – travail;Avant gauche;Sans changement de direction;;;Sortie de chaussée sans obstacle;VL seul;;Métropole
201500024949;2015-05-07T09:05:00+02:00;Rennes;15;05;07;09:05;Plein jour;En agglomération;Hors intersection;Normale;Deux véhicules – par le coté;35;238;35238;56, BD VILLEBOIS MAREUIL;4810540;-165057;35000;56;48.10545, -1.650662;;normale;;Bidirectionnelle;Banque cyclable;99;4;0;;0;2;Voie Communale;;Partie rectiligne;Plat;;Sur piste cyclable;1971,1995;Masculin,Féminin;Se déplaçant,Se déplaçant;Blessé,Indemne;Casque,Ceinture;Non,Non;;A01,B01;1,1;Conducteur,Conducteur;;Promenade – loisirs,Domicile – école;Côté gauche,Avant;Ouverture de porte,Ouverture de porte;;Véhicule;;VL seul,Bicyclette;;Métropole
201500025071;2015-10-31T12:05:00+01:00;Rennes;15;10;31;12:05;Plein jour;En agglomération;Intersection en T;Normale;Deux véhicules – par le coté;35;238;35238;130, VERDUN (BD DE);4812102;-168690;35000;130;48.120905, -1.686844;;;;Bidirectionnelle;;00;0;0;;0;2;Voie Communale;;;;;Sur chaussée;1970,1988;Masculin,Masculin;Se déplaçant,Se déplaçant;Blessé,Indemne;Casque,Ceinture;Oui,Oui;;B01,A01;1,1;Conducteur,Conducteur;;Promenade – loisirs;Avant;Tournant A gauche;;Véhicule;;Scooter > 125 cm3,VL seul;;Métropole
201500025119;2015-11-30T08:00:00+01:00;Rennes;15;11;30;08:00;Nuit avec éclairage public allumé;En agglomération;Hors intersection;Normale;Sans collision;35;238;35238;00, ROOSEVELT (BD FRANKL;4809769;-165675;35000;00;48.096711, -1.659264;;normale;;Bidirectionnelle;;99;0;0;;0;2;Voie Communale;;Partie rectiligne;Plat;;Sur chaussée;1963,1998;Masculin,Féminin;Se déplaçant,Jouant – courant;Indemne,Blessé;Ceinture;Oui;Sur trottoir;A01;1;Conducteur,Piéton;Seul;Utilisation professionnelle,Domicile – école;Côté droit;Sans changement de direction;;Piéton;;Autobus;1;Métropole
201500025128;2015-12-03T13:20:00+01:00;Rennes;15;12;03;13:20;Plein jour;En agglomération;Intersection en X;Normale;Deux véhicules – par le coté;35;238;35238;00, CHATEAUGIRON (DE);4810178;-165613;35000;00;48.099655, -1.649027;;normale;;Bidirectionnelle;;99;0;0;;0;2;Voie Communale;;Partie rectiligne;Plat;;Sur chaussée;1960,1980;Féminin,Masculin;Se déplaçant,Se déplaçant;Indemne,Blessé;Ceinture,Casque;Oui,Oui;;A01,B01;1,1;Conducteur,Conducteur;;;Avant droit,Avant droit;Traversant la chaussée,Sans changement de direction;;Véhicule,Véhicule;;Scooter < 50 cm3,VL seul;;Métropole
201500025148;2015-12-10T18:00:00+01:00;Rennes;15;12;10;18:00;Nuit avec éclairage public allumé;En agglomération;Giratoire;Normale;Autre collision;35;238;35238;00, VEZIN (ROUTE DE);4811622;-171613;35000;00;48.116397, -1.722339;;normale;;Bidirectionnelle;;99;0;0;;0;2;Voie Communale;;Partie rectiligne;Plat;;Sur chaussée;1929;Féminin;Se déplaçant;Blessé;Ceinture;Oui;;A01;1;Conducteur;;Promenade – loisirs;Avant;Sans changement de direction;;;Bordure de trottoir;VL seul;;Métropole
201500025010;2015-09-16T15:35:00+02:00;Rennes;15;09;16;15:35;Plein jour;En agglomération;Intersection en X;Normale;Deux véhicules – par le coté;35;238;35238;00, SURCOUF;4810615;-169213;35000;00;48.105267, -1.692205;;mouillée;;A sens unique;;99;0;0;;0;2;Voie Communale;;Partie rectiligne;Plat;;Sur chaussée;1992,1984,1983;Féminin,Féminin,Masculin;Se déplaçant,Se déplaçant,Se déplaçant;Indemne,Blessé,Indemne;Ceinture,Ceinture,Ceinture;Oui,Oui,Oui;;A01,B01;1,2,1;Conducteur,Passager,Conducteur;;;Avant,Côté droit;Sans changement de direction,Sans changement de direction;;Véhicule,Véhicule;;VL seul,VL seul;;Métropole
201500025018;2015-09-20T20:50:00+02:00;Rennes;15;09;20;20:50;Nuit avec éclairage public allumé;En agglomération;Intersection en X;Normale;Deux véhicules – par le coté;35;238;35238;00, SAINT-BRIEUC (DE);4811206;-170232;35000;00;48.113932, -1.705482;;normale;;Bidirectionnelle;;99;0;0;;0;2;Voie Communale;;Partie rectiligne;Plat;;Sur chaussée;1997,1994,1997,1997,1997;Féminin,Masculin,Féminin,Féminin,Féminin;Se déplaçant,Se déplaçant,Se déplaçant,Se déplaçant,Se déplaçant;Indemne,Indemne,Blessé,Indemne,Indemne;Ceinture,Ceinture,Ceinture,Ceinture,Ceinture;Oui,Oui,Oui,Oui,Oui;;B01,A01;1,1,2,2,3;Conducteur,Conducteur,Passager,Passager,Passager;;Promenade – loisirs,Promenade – loisirs,Promenade – loisirs;Avant,Avant droit;Sans changement de direction,Tournant A gauche;;Véhicule,Véhicule;;VL seul,VL seul;;Métropole
201500025061;2015-10-19T16:10:00+02:00;Rennes;15;10;19;16:10;Plein jour;En agglomération;Intersection en Y;Normale;Deux véhicules – par le coté;35;238;35238;85, LORIENT (DE);4810949;-170748;35000;85;48.108962, -1.705868;;normale;;Bidirectionnelle;;99;0;0;;0;2;Voie Communale;;Partie rectiligne;Sommet de côte;;Sur chaussée;1993,1997;Masculin,Masculin;Se déplaçant,Se déplaçant;Indemne,Blessé;Ceinture,Ceinture;Oui,Oui;;B01,A01;1,2;Conducteur,Passager;;Utilisation professionnelle,Autre;Avant droit;Sans changement de direction;PK ou PR ou numéro d’adresse postale croissant;Véhicule,Véhicule;;VL seul,Autobus;1;Métropole
201500025107;2015-11-09T11:05:00+01:00;Rennes;15;11;09;11:05;Plein jour;Hors agglomération;Hors intersection;Normale;Trois véhicules et plus – en chaîne;35;238;35238;245, ROUTE DE ST MALO;4813125;-169022;35000;245;48.131329, -1.690494;;normale;;;;00;0;0;;0;0;Voie Communale;;Partie rectiligne;Plat;;;1995,1995,1976,1962;Féminin,Féminin,Masculin,Masculin;Se déplaçant,Se déplaçant,Se déplaçant,Se déplaçant;Indemne,Indemne,Blessé,Blessé;Ceinture,Ceinture,Ceinture,Autre;Oui,Oui,Oui,Non déterminable;;A01,C01,B01;1,1,1,2;Conducteur,Conducteur,Conducteur,Passager;;Autre,Autre,Utilisation professionnelle,Autre;Arrière,Avant,Arrière;Sans changement de direction,Sans changement de direction,Sans changement de direction;;Véhicule,Véhicule,Véhicule;;VL seul,VL seul,VL seul;;Métropole
201500000856;2015-08-22T12:45:00+02:00;Mordelles;15;08;22;12:45;Plein jour;En agglomération;Place;Normale;Autre collision;35;196;35196;2 Place des muletiers;4807204;-185177;35310;2;48.072018, -1.851067;;normale;;A sens unique;;00;0;0;;0;1;Voie Communale;;Partie rectiligne;Plat;Zone piétonne;Sur trottoir;1967,1987;Féminin,Féminin;Se déplaçant Sens véhicule heurtant,Se déplaçant;Blessé,Indemne;Ceinture;Oui;Sur trottoir;A01;1;Piéton,Conducteur;Seul;Promenade – loisirs,Promenade – loisirs;Arrière gauche;En marche arrière;;Piéton;;VL seul;;Métropole
201500024745;2015-03-02T07:45:00+01:00;Saint-gregoire;15;03;02;07:45;Plein jour;Hors agglomération;Hors intersection;Normale;Sans collision;35;278;35278;PORTE DE BEAUREGARD;4813921;-169782;35760;;48.137313, -1.697661;18;normale;;A chaussées séparées;;99;136;0;;0;0;Route Nationale;300;Partie rectiligne;Pente;Bretelle d’échangeur ou de raccordement;Sur chaussée;1979;Masculin;Se déplaçant;Blessé;Ceinture;Oui;;A01;1;Conducteur;;Domicile – travail;;Déporté A droite;;;Glissière béton;VL seul;;Métropole
201500024757;2015-01-29T17:50:00+01:00;Rennes;15;01;29;17:50;Plein jour;En agglomération;Intersection en Y;Pluie légère;Autre collision;35;238;35238;BEAUMONT/DAUTRY;4810370;-167502;35000;;48.103736, -1.675258;;mouillée;;Bidirectionnelle;Banque cyclable;99;;0;;0;2;Voie Communale;;Partie rectiligne;Plat;Carrefour aménagé;Sur chaussée;1946;Masculin;Se déplaçant;Blessé;Ceinture;Oui;;A01;1;Conducteur;;Promenade – loisirs;Avant;Déporté A gauche;;;Mobilier urbain;VL seul;;Métropole
201500024850;2015-03-06T05:45:00+01:00;Rennes;15;03;06;05:45;Nuit avec éclairage public allumé;En agglomération;Intersection en Y;Normale;Autre collision;35;238;35238;BREST/PAPU;4811150;-169085;35000;;48.111214, -1.696433;;normale;;A chaussées séparées;Banque cyclable;99;;0;;0;2;Voie Communale;;En courbe à droite;Plat;Carrefour aménagé;Sur chaussée;1985,1981;Masculin,Féminin;Se déplaçant,Se déplaçant;Blessé,Blessé;Ceinture,Ceinture;Oui,Oui;;A01;1,2;Conducteur,Passager;;Promenade – loisirs,Promenade – loisirs;Avant;Sans changement de direction;;;Arbre;VL seul;;Métropole
201500024888;2015-06-15T17:52:00+02:00;Cesson-sevigne;15;06;15;17:52;Plein jour;Hors agglomération;Giratoire;Normale;Sans collision;35;051;35051;00, PORTE DE LA RIGOURDI;4811810;-156769;35510;00;48.140179, -1.598291;;normale;;Bidirectionnelle;;99;100;0;;0;2;Route Départementale;;;Plat;Carrefour aménagé;Sur chaussée;1985;Masculin;Se déplaçant;Blessé;Casque;Oui;;A01;1;Conducteur;;;Côté gauche;Sans changement de direction;;;Sortie de chaussée sans obstacle;Motocyclette > 125 cm3;;Métropole
201500024913;2015-07-02T17:55:00+02:00;Rennes;15;07;02;17:55;Plein jour;En agglomération;Intersection en X;Normale;Deux véhicules – par le coté;35;238;35238;00, VOLCLAIR (BD LOUIS);4808843;-166766;35000;00;48.088495, -1.667363;;normale;;A chaussées séparées;Banque cyclable;99;0;0;;0;2;Voie Communale;;Partie rectiligne;Plat;Carrefour aménagé;Sur chaussée;1973,1972;Féminin,Masculin;Se déplaçant,Se déplaçant;Blessé,Blessé;Casque,Casque;Oui,Oui;;Z01,B01;2,1;Passager,Conducteur;;Domicile – travail,Promenade – loisirs;Avant,Avant;Sans changement de direction,Sans changement de direction;PK ou PR ou numéro d’adresse postale croissant;Véhicule,Véhicule;;VL seul,Motocyclette > 125 cm3;;Métropole
201500024920;2015-07-06T08:00:00+02:00;Cesson-sevigne;15;07;06;08:00;Plein jour;En agglomération;Giratoire;Normale;Deux véhicules – par le coté;35;051;35051;00, FOUGERES (ROUTE DE);4815453;-159461;35510;00;48.141606, -1.614952;;normale;;Bidirectionnelle;;99;0;0;;0;2;Voie Communale;;Partie rectiligne;Plat;Carrefour aménagé;Sur chaussée;1965,1972;Masculin,Masculin;Se déplaçant,Se déplaçant;Blessé,Indemne;Casque,Ceinture;Oui,Oui;;B01,A01;1,1;Conducteur,Conducteur;;Domicile – travail,Utilisation professionnelle;Avant,Avant;Sans changement de direction,En s’insérant;;Véhicule,Véhicule;;Motocyclette > 50 cm3 et <= 125 cm3,VU seul 1;;Métropole
201500024964;2015-08-06T17:15:00+02:00;Saint-jacques-de-la-lande;15;08;06;17:15;Plein jour;En agglomération;Giratoire;Normale;Autre collision;35;281;35281;00, DODIN (AVENUE ROGER);4808698;-170740;35136;00;48.083155, -1.710248;24;;;A chaussées séparées;;99;177;0;;0;4;Route Départementale;0;Partie rectiligne;Plat;;Sur chaussée;1982;Féminin;Traversant;Blessé;;;Sur passage piéton - Sans signalisation lumineuse;A01;;Piéton;Seul;;;;PK ou PR ou numéro d’adresse postale croissant;Piéton;;VL seul;;Métropole
201500024965;2015-05-14T15:40:00+02:00;Rennes;15;05;14;15:40;Plein jour;En agglomération;Intersection en X;Normale;Deux véhicules – par le coté;35;238;35238;VANEAU/MITTERRAND;4810850;-169298;35000;;48.109331, -1.690691;;normale;;Bidirectionnelle;Banque cyclable;99;;0;;0;2;Voie Communale;;Partie rectiligne;Plat;Carrefour aménagé;Sur chaussée;1993,2001;Masculin,Masculin;Se déplaçant,Se déplaçant;Indemne,Blessé;Ceinture,Casque;Oui,Non;;B01,A01;1,1;Conducteur,Conducteur;;Promenade – loisirs,Promenade – loisirs;Côté gauche,Arrière;Tournant A gauche,Traversant la chaussée;;Véhicule,Véhicule;;VL seul,Bicyclette;;Métropole
201500024977;2015-08-14T12:41:00+02:00;Saint-gregoire;15;08;14;12:41;Plein jour;Hors agglomération;Hors intersection;Normale;Deux véhicules - frontale;35;278;35278;ROCADE;4814084;-169153;35760;;48.138502, -1.66971;18;mouillée;;A sens unique;;99;136;0;;0;1;Route Nationale;880;Partie rectiligne;Plat;Bretelle d’échangeur ou de raccordement;Sur chaussée;1975,1965;Masculin,Féminin;Se déplaçant,Se déplaçant;Indemne,Blessé;Ceinture,Ceinture;Oui,Oui;;B01,A01;1,1;Conducteur,Conducteur;;;Arrière,Avant;Sans changement de direction;;Véhicule,Véhicule;;VL seul,VL seul;;Métropole
201500024991;2015-05-29T08:35:00+02:00;Rennes;15;05;29;08:35;Plein jour;En agglomération;Intersection en T;Normale;Deux véhicules – par l’arrière;35;238;35238;PAYS BAS/BULGARIE;4808470;-166092;35000;;48.113086, -1.663963;;normale;;A chaussées séparées;;99;;0;;0;2;Voie Communale;;Partie rectiligne;Plat;Carrefour aménagé;Sur chaussée;1991,1962;Féminin,Masculin;Se déplaçant,Se déplaçant;Blessé,Indemne;Ceinture,Ceinture;Oui,Oui;;B01,A01;1,1;Conducteur,Conducteur;;Domicile – travail,Utilisation professionnelle;Arrière,Avant;Arrêté (hors stationnement),Même sens;;Véhicule,Véhicule;;VL seul,VU seul 1;;Métropole
201500025000;2015-09-04T08:15:00+02:00;Rennes;15;09;04;08:15;Plein jour;En agglomération;Intersection en T;Normale;Deux véhicules – par le coté;35;238;35238;00, BOIS LABBE (AVENUE D;4813101;-170388;35000;00;48.12915, -1.703449;;normale;;Bidirectionnelle;;99;0;0;;0;2;Voie Communale;;Partie rectiligne;Plat;Carrefour aménagé;Sur chaussée;1996,1972;Masculin,Masculin;Se déplaçant,Se déplaçant;Blessé,Indemne;Autre,Ceinture;Non,Oui;;B01,A01;1,1;Conducteur,Conducteur;;Domicile – école,Domicile – travail;Avant;Tournant A gauche,Tournant A gauche;;Véhicule,Véhicule;;Bicyclette,VL seul;;Métropole
201500025008;2015-09-12T00:01:00+02:00;Rennes;15;09;12;00:01;Nuit sans éclairage public;En agglomération;Hors intersection;Normale;Deux véhicules – par l’arrière;35;238;35238;136, MAGINOT (AVENUE SER;4811001;-165758;35000;136;48.109968, -1.657889;;normale;;A sens unique;Voie réservée;99;0;0;;0;2;Voie Communale;;Partie rectiligne;Plat;;Sur chaussée;1954,1983,1978;Féminin,Féminin,Masculin;Se déplaçant,Se déplaçant,Se déplaçant;Blessé,Blessé,Blessé;Ceinture,Ceinture,Ceinture;Oui,Oui,Non déterminable;;B01,A01;2,1,1;Passager,Conducteur,Conducteur;;Promenade – loisirs,Promenade – loisirs,Promenade – loisirs;Arrière,Avant;Sans changement de direction,Même sens;;Véhicule,Véhicule;;VL seul,VL seul;;Métropole
201500025047;2015-10-15T08:10:00+02:00;Chantepie;15;10;15;08:10;Crépuscule ou aube;Hors agglomération;Hors intersection;Normale;Trois véhicules et plus – en chaîne;35;055;35055;PORTE DES LOGES;4809731;-161727;35135;;48.088198, -1.624618;4;normale;;A chaussées séparées;Voie réservée;99;136;0;;0;6;Route Nationale;200;Partie rectiligne;Plat;Bretelle d’échangeur ou de raccordement;Sur chaussée;1956,1985,1984;Féminin,Féminin,Masculin;Se déplaçant,Se déplaçant,Se déplaçant;Indemne,Blessé,Indemne;Ceinture,Ceinture,Ceinture;Oui,Oui,Oui;;C01,A01,B01;1,1,1;Conducteur,Conducteur,Conducteur;;Domicile – travail,Domicile – travail,Domicile – travail;Arrière,Avant droit,Arrière gauche;Déporté A droite,Déporté A gauche,Déporté A droite;;Véhicule,Véhicule,Véhicule;;VL seul,VL seul,VL seul;;Métropole
201500025130;2015-12-06T03:45:00+01:00;Saint-jacques-de-la-lande;15;12;06;03:45;Nuit avec éclairage public allumé;En agglomération;Giratoire;Normale;Sans collision;35;281;35281;00, DODIN (AVENUE ROGER);4808212;-171148;35136;00;48.083155, -1.710248;24;normale;;A chaussées séparées;;00;177;0;;0;2;Route Départementale;550;Partie rectiligne;Bas de côte;Carrefour aménagé;Sur chaussée;1972;Masculin;Se déplaçant;Tué;Casque;Oui;;A01;1;Conducteur;;Autre;Avant;Sans changement de direction;;;Bordure de trottoir;Scooter < 50 cm3;;Métropole
201500025137;2015-12-05T19:20:00+01:00;Rennes;15;12;05;19:20;Nuit avec éclairage public allumé;En agglomération;Intersection en X;Normale;Autre collision;35;238;35238;00, CHATEAUGIRON (DE);4809533;-163789;35000;00;48.099655, -1.649027;;normale;;Bidirectionnelle;;99;0;200;;10;4;Voie Communale;;Partie rectiligne;Plat;;Sur chaussée;1981,1964;Masculin,Masculin;Traversant,Se déplaçant;Blessé,Indemne;Ceinture;Oui;Sur passage piéton - Avec signalisation lumineuse;A01;1;Piéton,Conducteur;Seul;Promenade – loisirs;Avant;Sans changement de direction;;Piéton;;VL seul;;Métropole
